0.000000,0.000000,0.000000,0.000000,0.000483,0.000000,0.000000,0.000000,0.000000,0.000000,0.000000,0.000995,0.000000,0.001005,0.000000,0.000000,0.000000,0.000000,0.001051,0.000356,0.000000,0.000000,0.000000,0.000000,0.000000,0.000000,0.000000,0.000000,0.000000,0.000000,0.000000,0.000000,0.000000,0.000000,0.000195,0.001073,0.000000,0.000000,0.000000,0.000000,0.000000,0.000000,0.009580,0.000000,0.000000,0.001100,0.001995,0.001000,0.000990,0.000998,0.000948,0.002005,0.000988,0.001966,0.001985,0.001080,0.001001,0.001010,0.001988,0.001949,0.002003,0.001994,0.001993,0.000000,0.000000,0.000000,0.000000,0.000000,0.000000,0.000000,0.000000,0.000000,0.000000,0.000000,0.000000,0.000000,0.000000,0.010022,0.000000,0.000000,0.000000,0.009004,0.000000,0.000000,0.000674,0.000000,0.009538,0.000000,0.000000,0.010043,0.000000,0.000000,0.010971,0.000000,0.000000,0.002091,0.005592,0.002990,0.002944,0.002956
0.001365,0.000000,0.000000,0.000000,0.000000,0.000000,0.000000,0.000000,0.000000,0.000000,0.000000,0.000000,0.000000,0.000000,0.000000,0.000000,0.000000,0.000000,0.000000,0.010036,0.000000,0.000000,0.000000,0.000000,0.000000,0.000000,0.000000,0.010040,0.000000,0.000000,0.000000,0.000000,0.000000,0.000000,0.009950,0.000000,0.000000,0.000000,0.000000,0.010001,0.000000,0.000000,0.000000,0.000000,0.000000,0.000000,0.000000,0.001108,0.000000,0.000000,0.009003,0.000000,0.000000,0.000000,0.010988,0.000000,0.000000,0.000000,0.009585,0.000000,0.000000,0.008666,0.001000,0.002066,0.001983,0.001016,0.000994,0.000681,0.000000,0.000000,0.009587,0.000000,0.000000,0.000000,0.000000,0.000000,0.000000,0.000000,0.000000,0.000000,0.000000,0.000000,0.000000,0.000000,0.000000,0.000000,0.000000,0.000000,0.011186,0.000000,0.009086,0.000000,0.010086,0.000000,0.009913,0.000000,0.009996,0.000000,0.009997,0.000000
0.000000,0.000000,0.000000,0.000000,0.000000,0.000000,0.000000,0.000000,0.000000,0.004003,0.000735,0.000783,0.000860,0.000000,0.000000,0.000000,0.000000,0.000000,0.000000,0.000000,0.000000,0.000000,0.000000,0.000000,0.000000,0.000000,0.000000,0.000000,0.000000,0.000000,0.000000,0.000000,0.010040,0.000000,0.000000,0.000000,0.000000,0.009963,0.000000,0.000000,0.000000,0.000000,0.000000,0.000000,0.000000,0.001323,0.000000,0.000000,0.000000,0.000527,0.000000,0.000000,0.009552,0.000000,0.006785,0.000000,0.000000,0.008502,0.000000,0.006565,0.000000,0.000000,0.009504,0.000000,0.000301,0.000000,0.000000,0.001248,0.000000,0.000000,0.000000,0.010106,0.000000,0.000513,0.000000,0.000000,0.000502,0.004947,0.000000,0.008503,0.000000,0.000000,0.009594,0.000000,0.000000,0.009588,0.000000,0.000000,0.000000,0.000000,0.000000,0.010827,0.005765,0.000000,0.000000,0.007577,0.000000,0.000000,0.000000,0.010030
0.000000,0.000000,0.000000,0.000000,0.000000,0.000000,0.000000,0.000000,0.000000,0.000000,0.000000,0.006697,0.000000,0.000000,0.000000,0.000000,0.000000,0.000000,0.000000,0.009562,0.000000,0.000000,0.000000,0.006119,0.000000,0.000000,0.000000,0.000000,0.000000,0.000000,0.000000,0.000000,0.000000,0.000000,0.000000,0.000000,0.010081,0.000000,0.006544,0.000000,0.000000,0.009542,0.000000,0.000000,0.000000,0.000000,0.000000,0.000000,0.004846,0.000000,0.000000,0.000000,0.000000,0.000000,0.000000,0.009003,0.000000,0.000736,0.000000,0.000000,0.000000,0.000000,0.000000,0.010099,0.000000,0.000000,0.000000,0.000000,0.000587,0.000000,0.009539,0.000000,0.000000,0.000000,0.000000,0.006962,0.000000,0.010823,0.005846,0.000000,0.000000,0.000000,0.010681,0.004900,0.000000,0.000000,0.000000,0.011696,0.000893,0.000000,0.004603,0.000000,0.000000,0.000000,0.009550,0.007177,0.000000,0.006356,0.000000,0.000000
0.000000,0.000000,0.000000,0.000000,0.000000,0.000000,0.000857,0.000000,0.000000,0.000000,0.000000,0.000000,0.000000,0.000000,0.000000,0.009586,0.000000,0.000000,0.000000,0.000848,0.000000,0.000000,0.000000,0.000000,0.000000,0.000000,0.000000,0.000000,0.000000,0.000000,0.000000,0.000000,0.000000,0.000000,0.001081,0.000000,0.000000,0.000000,0.004300,0.000000,0.000000,0.000000,0.006337,0.000000,0.000000,0.010095,0.000000,0.000000,0.000000,0.000000,0.006026,0.000000,0.000000,0.000000,0.007820,0.000000,0.009589,0.000000,0.000000,0.000000,0.000000,0.000867,0.000000,0.000000,0.001087,0.000000,0.009591,0.000998,0.000998,0.001993,0.000996,0.001993,0.000997,0.001138,0.001071,0.000996,0.002073,0.003016,0.002484,0.001989,0.002961,0.000000,0.009545,0.000000,0.009623,0.000000,0.009614,0.008812,0.010208,0.002001,0.000000,0.001157,0.010156,0.000600,0.009540,0.002335,0.000000,0.002048,0.000000,0.003220
0.000000,0.000000,0.000000,0.000000,0.000000,0.000000,0.000000,0.000000,0.000000,0.000000,0.000000,0.000000,0.000000,0.000000,0.003641,0.000883,0.000000,0.000000,0.000000,0.000000,0.009563,0.000000,0.000000,0.000000,0.000000,0.000000,0.000000,0.000000,0.000000,0.000000,0.000000,0.000000,0.000000,0.000000,0.000000,0.000000,0.000000,0.010095,0.000000,0.000000,0.000000,0.009004,0.000000,0.001993,0.000000,0.000000,0.003286,0.000000,0.000000,0.000000,0.000000,0.000000,0.000000,0.007457,0.000000,0.009581,0.000000,0.000000,0.009585,0.000000,0.000000,0.000000,0.000000,0.000000,0.010081,0.000728,0.000000,0.006181,0.000000,0.000000,0.002108,0.000000,0.000000,0.000000,0.000000,0.000000,0.010082,0.000929,0.010368,0.000000,0.010071,0.000000,0.010100,0.000000,0.010665,0.000000,0.010912,0.000000,0.000000,0.000000,0.006179,0.000000,0.005870,0.010086,0.000000,0.000000,0.000000,0.006021,0.010114,0.000000
0.000000,0.000000,0.000000,0.000000,0.000000,0.000000,0.000000,0.000000,0.000000,0.000000,0.000000,0.000000,0.000000,0.000000,0.000000,0.000000,0.000000,0.000000,0.000000,0.000000,0.000000,0.000000,0.000000,0.000000,0.000000,0.000000,0.007155,0.000000,0.000000,0.000000,0.000000,0.000000,0.001482,0.000000,0.000000,0.000000,0.000000,0.000000,0.000000,0.000000,0.000000,0.000000,0.007664,0.002933,0.001993,0.001987,0.001002,0.000000,0.000000,0.000746,0.000000,0.000000,0.000000,0.000000,0.004482,0.000000,0.000000,0.001063,0.000985,0.000957,0.000996,0.001006,0.001998,0.000000,0.010120,0.000000,0.000203,0.000000,0.000000,0.000000,0.000000,0.000000,0.000749,0.000000,0.006738,0.000000,0.004838,0.000000,0.000000,0.009592,0.000000,0.000000,0.001994,0.002970,0.009540,0.000000,0.000000,0.000000,0.000690,0.009598,0.000000,0.005565,0.009592,0.000000,0.000000,0.000000,0.007893,0.002010,0.002997,0.002435
0.000000,0.000000,0.000000,0.000991,0.000000,0.000000,0.000000,0.000000,0.000000,0.000000,0.000000,0.000998,0.000986,0.000000,0.000000,0.000000,0.000000,0.001010,0.001007,0.000000,0.001000,0.000793,0.000000,0.000000,0.000000,0.000000,0.000000,0.000000,0.000000,0.010078,0.000000,0.001110,0.000989,0.001995,0.001001,0.001002,0.001989,0.001001,0.002075,0.000000,0.009589,0.000000,0.001991,0.002019,0.001002,0.000000,0.000000,0.000000,0.010005,0.000000,0.000000,0.000000,0.000000,0.009998,0.000000,0.000000,0.000000,0.000000,0.000000,0.000000,0.000000,0.000000,0.009993,0.000000,0.000000,0.000000,0.009600,0.000000,0.000000,0.000000,0.000000,0.000000,0.000000,0.000000,0.000000,0.000000,0.002978,0.001980,0.001990,0.000000,0.000000,0.000000,0.000000,0.000000,0.009991,0.009995,0.009992,0.010820,0.010320,0.009585,0.000000,0.000000,0.000000,0.000000,0.000000,0.000000,0.009997,0.000000,0.000000,0.000000
0.000000,0.000000,0.010004,0.000000,0.000000,0.000000,0.000000,0.000000,0.000000,0.000000,0.000000,0.000000,0.000000,0.000000,0.000000,0.000000,0.000869,0.001602,0.000000,0.000000,0.000000,0.000748,0.000000,0.000000,0.009580,0.000000,0.000985,0.000000,0.002007,0.001005,0.001076,0.000986,0.000998,0.000991,0.000000,0.000000,0.000000,0.000000,0.000000,0.000000,0.000000,0.009994,0.000000,0.000000,0.000000,0.000000,0.011154,0.000000,0.000000,0.010080,0.000000,0.000000,0.009961,0.000000,0.000000,0.000000,0.000000,0.000000,0.000000,0.000000,0.009994,0.000000,0.000000,0.000000,0.010082,0.000000,0.000000,0.000000,0.000000,0.000695,0.009578,0.000000,0.010083,0.009999,0.010001,0.010741,0.009582,0.000000,0.000000,0.000000,0.000000,0.000000,0.000000,0.000000,0.000000,0.011339,0.000000,0.000000,0.000000,0.000000,0.000000,0.000000,0.000000,0.003007,0.000000,0.000000,0.010373,0.000000,0.000000,0.000000
0.000830,0.000000,0.000000,0.000000,0.000000,0.000000,0.000000,0.000000,0.000000,0.000000,0.000000,0.000000,0.000000,0.000000,0.000000,0.000000,0.000000,0.000000,0.001449,0.000125,0.000000,0.000000,0.000869,0.000000,0.000000,0.000000,0.000000,0.000999,0.000991,0.001967,0.001000,0.002012,0.001986,0.000993,0.000000,0.000000,0.000000,0.000000,0.000000,0.009960,0.000000,0.000000,0.000000,0.000000,0.009974,0.000000,0.000000,0.009583,0.000000,0.000000,0.000000,0.000000,0.000000,0.000000,0.000000,0.000000,0.000000,0.000000,0.000000,0.010745,0.000000,0.000000,0.000000,0.000000,0.000000,0.000000,0.009988,0.009999,0.000000,0.000000,0.000000,0.000000,0.000000,0.009991,0.010592,0.002990,0.000000,0.000000,0.000000,0.000000,0.000000,0.009989,0.010907,0.000000,0.000000,0.000000,0.009106,0.000794,0.000000,0.000000,0.010032,0.000000,0.000000,0.009582,0.000000,0.000000,0.009998,0.000000,0.000000,0.009579
0.000000,0.000000,0.000000,0.000000,0.000000,0.000000,0.000000,0.010079,0.000000,0.000000,0.000000,0.000000,0.009999,0.000000,0.000000,0.000000,0.000422,0.000000,0.000561,0.000000,0.000000,0.001220,0.005456,0.000000,0.001004,0.000995,0.000995,0.000998,0.000997,0.000999,0.001110,0.000000,0.000000,0.000000,0.000000,0.000000,0.000000,0.000000,0.000000,0.000000,0.009971,0.000000,0.000000,0.009998,0.000000,0.000000,0.000000,0.000000,0.000000,0.000000,0.000000,0.000988,0.000974,0.000000,0.000000,0.000000,0.000000,0.009999,0.000000,0.000000,0.000000,0.000000,0.000000,0.000000,0.000000,0.000000,0.000000,0.000000,0.000000,0.000000,0.000000,0.000000,0.000000,0.000000,0.010868,0.000645,0.000000,0.000000,0.000000,0.010304,0.000000,0.000000,0.009998,0.000000,0.000000,0.010087,0.000000,0.000000,0.000711,0.000000,0.009995,0.000000,0.000000,0.010106,0.000000,0.010022,0.000000,0.001996,0.000000,0.009993
0.000000,0.000000,0.000000,0.000000,0.000000,0.000000,0.000000,0.009994,0.000000,0.000000,0.000000,0.000000,0.009984,0.000000,0.000000,0.000000,0.001391,0.000000,0.000000,0.000000,0.003132,0.000000,0.000000,0.000000,0.000989,0.001002,0.000996,0.000000,0.001000,0.002027,0.002978,0.000000,0.010812,0.000000,0.000000,0.010084,0.000000,0.000000,0.009984,0.000000,0.000000,0.009994,0.000000,0.000000,0.000000,0.000000,0.000000,0.000000,0.000000,0.000000,0.010007,0.000000,0.000000,0.000000,0.000000,0.000000,0.000000,0.000000,0.010009,0.009963,0.010007,0.010015,0.009987,0.000000,0.009974,0.009997,0.009997,0.009993,0.000000,0.000000,0.000000,0.000000,0.010025,0.009612,0.000000,0.007791,0.002970,0.009586,0.000000,0.000000,0.010339,0.000000,0.000000,0.000000,0.000000,0.010008,0.000000,0.000000,0.000000,0.010003,0.000000,0.010015,0.000000,0.010000,0.000000,0.000000,0.000000,0.000000,0.010755,0.000000
0.000000,0.000000,0.000000,0.000000,0.000000,0.000000,0.000000,0.000000,0.000000,0.010791,0.000168,0.000000,0.000000,0.000000,0.000000,0.000000,0.000000,0.000000,0.000000,0.000000,0.000000,0.000000,0.010056,0.000000,0.000000,0.000000,0.000000,0.000000,0.000000,0.000000,0.000000,0.000000,0.000000,0.000000,0.000000,0.000000,0.000000,0.000000,0.000000,0.000000,0.000996,0.000999,0.001995,0.001993,0.000995,0.000000,0.000000,0.000000,0.000000,0.000000,0.000000,0.000000,0.000000,0.000000,0.000000,0.010001,0.009997,0.009996,0.000000,0.000000,0.000000,0.000000,0.000000,0.000000,0.000000,0.000000,0.000000,0.009996,0.000000,0.000000,0.000000,0.000000,0.000000,0.010051,0.000000,0.000000,0.000000,0.007580,0.007099,0.004995,0.000000,0.000000,0.010001,0.010036,0.010006,0.009996,0.009504,0.000000,0.000000,0.000000,0.000000,0.000000,0.000000,0.000000,0.009997,0.000000,0.000000,0.000000,0.006146,0.000247
0.000000,0.000000,0.000000,0.000000,0.000000,0.000000,0.000000,0.000000,0.000000,0.007543,0.000000,0.000000,0.000000,0.009997,0.000000,0.001067,0.000000,0.000000,0.009998,0.000000,0.000000,0.000000,0.000000,0.000000,0.000000,0.000000,0.007068,0.000000,0.000000,0.001993,0.000997,0.000996,0.000996,0.001000,0.000000,0.000000,0.000000,0.000000,0.000000,0.009997,0.000000,0.000000,0.000000,0.000000,0.000000,0.000000,0.009995,0.000000,0.000000,0.000000,0.000000,0.000000,0.000000,0.001993,0.000996,0.000000,0.000000,0.009996,0.000000,0.001993,0.001004,0.001989,0.000000,0.000000,0.000000,0.009997,0.000000,0.000000,0.009996,0.000000,0.009995,0.000000,0.000000,0.009997,0.000000,0.010007,0.006482,0.000000,0.000000,0.000000,0.000000,0.010009,0.009999,0.000000,0.000000,0.009997,0.000000,0.004886,0.000000,0.000000,0.009996,0.000000,0.000000,0.000000,0.002663,0.010000,0.000000,0.000000,0.000000,0.000000
0.000000,0.009994,0.000000,0.000000,0.000000,0.000000,0.000000,0.009995,0.000000,0.000000,0.000000,0.000000,0.000000,0.000253,0.000000,0.000000,0.000000,0.000000,0.000000,0.000000,0.000000,0.000000,0.000000,0.000000,0.000000,0.000570,0.000000,0.000000,0.000000,0.000000,0.000000,0.000993,0.001993,0.000993,0.000997,0.001001,0.000995,0.000000,0.010001,0.000000,0.000000,0.000000,0.000000,0.000000,0.000000,0.000000,0.000000,0.000000,0.000000,0.000000,0.000000,0.000000,0.000000,0.000000,0.000000,0.000000,0.010031,0.001992,0.000000,0.000000,0.000000,0.000000,0.000000,0.000000,0.000000,0.009994,0.000000,0.009993,0.000000,0.009994,0.000000,0.010031,0.000000,0.000668,0.009997,0.009999,0.000000,0.010017,0.009998,0.000000,0.000000,0.000000,0.000000,0.006402,0.009312,0.000000,0.000000,0.000000,0.009003,0.010001,0.000000,0.000000,0.006407,0.011330,0.000000,0.010002,0.000000,0.000000,0.000000,0.009996
0.000000,0.000000,0.000000,0.000000,0.000000,0.000000,0.000000,0.000000,0.000000,0.009997,0.000000,0.000000,0.000000,0.000000,0.000000,0.000000,0.006139,0.000000,0.000000,0.009509,0.000000,0.000000,0.000000,0.000000,0.000000,0.000000,0.000000,0.000000,0.000000,0.000000,0.000000,0.000994,0.000994,0.002016,0.001001,0.002055,0.000000,0.000000,0.000000,0.000000,0.000000,0.000000,0.000000,0.000000,0.000000,0.000000,0.000000,0.000000,0.000000,0.000000,0.000000,0.000000,0.000000,0.010041,0.000996,0.000000,0.000000,0.009997,0.000000,0.000000,0.000000,0.000000,0.000000,0.000000,0.000000,0.000000,0.009994,0.000000,0.010039,0.000000,0.004398,0.007163,0.006016,0.006347,0.000000,0.002177,0.000000,0.000000,0.009717,0.000000,0.012385,0.000000,0.009997,0.000000,0.000000,0.000000,0.000000,0.009997,0.000000,0.004919,0.000000,0.000000,0.009998,0.004883,0.000000,0.000000,0.000000,0.008731,0.000000,0.000000
0.000000,0.000000,0.000000,0.000000,0.000000,0.000000,0.000000,0.000000,0.009998,0.000000,0.001310,0.000000,0.000000,0.000000,0.000000,0.001000,0.000000,0.000000,0.000000,0.000000,0.000000,0.000000,0.007311,0.000000,0.000000,0.000000,0.000000,0.000000,0.000000,0.000991,0.001997,0.000996,0.000996,0.000000,0.000000,0.000000,0.000000,0.000000,0.000000,0.000000,0.000000,0.000000,0.000000,0.000000,0.000000,0.005463,0.001948,0.000000,0.000000,0.000000,0.000000,0.000000,0.010002,0.000000,0.000000,0.000000,0.000000,0.000878,0.000000,0.000000,0.000000,0.000000,0.000000,0.000000,0.000000,0.000000,0.000000,0.000000,0.000000,0.006336,0.000000,0.003104,0.000000,0.000000,0.000000,0.000000,0.000000,0.010839,0.000000,0.000000,0.000000,0.000000,0.010104,0.000000,0.006728,0.000000,0.000000,0.000000,0.010075,0.000000,0.000000,0.000000,0.010097,0.006013,0.000000,0.010093,0.000000,0.000000,0.010036,0.000000
0.000000,0.000000,0.000000,0.000000,0.000000,0.000000,0.000000,0.000000,0.000000,0.000000,0.000000,0.000000,0.000000,0.000000,0.001934,0.000000,0.000000,0.000000,0.000000,0.000000,0.000000,0.000000,0.000000,0.000000,0.000000,0.009585,0.007743,0.000000,0.000000,0.000995,0.003005,0.001000,0.002031,0.000994,0.001074,0.000000,0.000000,0.000000,0.000000,0.000000,0.000000,0.000000,0.010768,0.010299,0.009608,0.000000,0.000000,0.000000,0.000000,0.000000,0.000000,0.000000,0.000000,0.000000,0.000000,0.010000,0.000000,0.000000,0.000000,0.000000,0.010097,0.000000,0.010003,0.000000,0.001253,0.000000,0.009586,0.000000,0.000000,0.000000,0.000000,0.006354,0.000000,0.000000,0.000000,0.006248,0.000000,0.000000,0.000000,0.010071,0.000000,0.005448,0.000000,0.000000,0.000762,0.005498,0.000000,0.010080,0.006624,0.000000,0.011000,0.000000,0.000000,0.000000,0.000000,0.000000,0.000000,0.000000,0.010836,0.006159
0.000000,0.000000,0.000000,0.000000,0.000000,0.000000,0.000000,0.000000,0.000000,0.000000,0.000000,0.010076,0.000000,0.000529,0.000000,0.000000,0.000000,0.000000,0.000000,0.000000,0.000000,0.000000,0.000000,0.000000,0.010278,0.000000,0.000000,0.007801,0.000000,0.001091,0.000996,0.000995,0.002001,0.000000,0.010068,0.000000,0.000000,0.010002,0.000000,0.000758,0.000758,0.000804,0.000000,0.000000,0.000000,0.000000,0.010018,0.000000,0.000000,0.000000,0.000000,0.000000,0.000000,0.000000,0.000000,0.000000,0.010096,0.000000,0.000000,0.000984,0.000000,0.000000,0.002507,0.000000,0.000000,0.009992,0.000000,0.002659,0.000000,0.000000,0.000000,0.009584,0.000000,0.000000,0.000000,0.000000,0.000000,0.000000,0.000000,0.000000,0.005360,0.009994,0.009978,0.010123,0.009998,0.000000,0.012891,0.009990,0.000000,0.010781,0.010851,0.000000,0.000000,0.000000,0.000000,0.009990,0.000000,0.000000,0.000000,0.000000
0.000000,0.000000,0.000000,0.000000,0.000000,0.000000,0.000000,0.001381,0.000000,0.000000,0.000000,0.000000,0.000000,0.000000,0.000000,0.000000,0.000000,0.000000,0.000000,0.000000,0.000000,0.000000,0.000000,0.000000,0.000000,0.000000,0.006798,0.000000,0.000000,0.000000,0.000000,0.000000,0.000000,0.000991,0.001074,0.001992,0.001991,0.002001,0.000000,0.000000,0.000996,0.000000,0.000000,0.000000,0.010003,0.000000,0.000000,0.000000,0.000000,0.000000,0.000000,0.000000,0.000000,0.000000,0.009996,0.000000,0.000000,0.000000,0.000000,0.000643,0.000000,0.000000,0.009576,0.000000,0.000000,0.000000,0.006022,0.000131,0.000000,0.000000,0.010763,0.000000,0.000000,0.006923,0.000000,0.000000,0.010073,0.000000,0.000000,0.000000,0.010079,0.006390,0.000000,0.000000,0.000000,0.000000,0.000000,0.000000,0.000000,0.010078,0.000000,0.010073,0.000000,0.000000,0.000000,0.000000,0.000000,0.000000,0.000000,0.001620
0.000000,0.000000,0.000000,0.000000,0.000000,0.001210,0.000000,0.001086,0.000000,0.000000,0.000000,0.000000,0.000000,0.000000,0.000000,0.000000,0.000000,0.000000,0.000000,0.000000,0.000000,0.000000,0.009586,0.000000,0.000000,0.000468,0.000000,0.007496,0.000000,0.000998,0.001994,0.001985,0.002029,0.000000,0.000000,0.000000,0.000000,0.000000,0.000000,0.000000,0.000000,0.000000,0.011309,0.000000,0.000000,0.000000,0.000000,0.000000,0.000000,0.000000,0.000000,0.000000,0.000000,0.000000,0.000000,0.000000,0.000000,0.001003,0.000000,0.000000,0.000000,0.006231,0.005995,0.000000,0.000000,0.000000,0.010074,0.000754,0.007242,0.000000,0.000000,0.000000,0.000000,0.005881,0.000000,0.006088,0.000000,0.007069,0.000000,0.010077,0.005413,0.000000,0.010517,0.005486,0.010109,0.000000,0.000000,0.000000,0.000692,0.000000,0.000000,0.000000,0.000000,0.000693,0.000000,0.002986,0.010077,0.000000,0.000000,0.010089
0.000000,0.000000,0.000000,0.000000,0.000000,0.000000,0.000000,0.000000,0.000000,0.009587,0.001095,0.000000,0.000000,0.009591,0.000000,0.000000,0.000000,0.000000,0.000000,0.000000,0.000000,0.009568,0.000653,0.000000,0.000501,0.000000,0.007509,0.000000,0.001086,0.001990,0.000993,0.000990,0.000000,0.000000,0.000000,0.000000,0.000000,0.000000,0.000000,0.000000,0.000000,0.000000,0.000000,0.000000,0.000000,0.000000,0.009998,0.000000,0.000000,0.000000,0.000000,0.009579,0.000000,0.010016,0.000000,0.000000,0.000000,0.000000,0.000000,0.000000,0.000000,0.006401,0.000000,0.000000,0.000000,0.000000,0.006449,0.000000,0.000000,0.010075,0.000000,0.000271,0.000000,0.000000,0.006533,0.010082,0.000000,0.000000,0.000000,0.000000,0.000000,0.000000,0.000000,0.007021,0.010074,0.000000,0.000000,0.000000,0.000000,0.000000,0.000000,0.005567,0.000000,0.000000,0.002991,0.000000,0.009998,0.000000,0.000000,0.000000
0.000000,0.000000,0.000000,0.009581,0.001088,0.000000,0.000000,0.000000,0.010097,0.000000,0.000000,0.000000,0.000000,0.002760,0.000000,0.000000,0.000000,0.000000,0.000000,0.000000,0.000000,0.005433,0.000000,0.006546,0.000000,0.000000,0.000000,0.007370,0.009592,0.000000,0.005889,0.000000,0.000997,0.001026,0.001005,0.000000,0.000000,0.000000,0.000000,0.009576,0.000000,0.000000,0.000000,0.000000,0.000000,0.010004,0.000000,0.000000,0.000000,0.000000,0.010118,0.000000,0.009081,0.000000,0.000000,0.000000,0.000000,0.010407,0.000000,0.005973,0.007197,0.000000,0.000000,0.000000,0.006633,0.000000,0.000000,0.009588,0.000000,0.000000,0.000000,0.009590,0.007740,0.000000,0.000000,0.000690,0.000000,0.000000,0.000000,0.000000,0.000000,0.000000,0.000000,0.009611,0.000000,0.010094,0.000000,0.010074,0.000000,0.006092,0.009594,0.000000,0.005520,0.003013,0.003004,0.009407,0.002983,0.001999,0.000000,0.000000
0.000000,0.000000,0.000000,0.000000,0.000000,0.000000,0.000000,0.000000,0.004410,0.000000,0.000000,0.000000,0.000992,0.000000,0.000000,0.000000,0.000000,0.000708,0.000000,0.000000,0.000000,0.000000,0.000000,0.000000,0.000000,0.000000,0.000000,0.000000,0.000000,0.002000,0.001993,0.001983,0.000000,0.000000,0.000000,0.001992,0.002068,0.010071,0.000000,0.000000,0.000000,0.000000,0.000000,0.000000,0.000000,0.000000,0.000000,0.010085,0.000965,0.000000,0.000000,0.000000,0.000000,0.010806,0.000000,0.000000,0.001239,0.001491,0.000000,0.010075,0.000000,0.006129,0.000000,0.000000,0.010076,0.000000,0.000344,0.000000,0.000000,0.000262,0.000000,0.000000,0.000000,0.000000,0.006532,0.000000,0.000780,0.000000,0.010824,0.000000,0.010121,0.000000,0.000698,0.000000,0.000000,0.000000,0.005588,0.000000,0.000446,0.000000,0.000000,0.001804,0.002956,0.009608,0.000000,0.000000,0.000000,0.000000,0.000785,0.009994
0.000000,0.000000,0.000000,0.000000,0.009974,0.000000,0.000000,0.006692,0.000000,0.000000,0.009584,0.000000,0.000992,0.000000,0.000991,0.000000,0.000000,0.000000,0.000000,0.000000,0.000000,0.000000,0.000000,0.000000,0.000725,0.000000,0.001857,0.000000,0.001992,0.001957,0.001951,0.000695,0.000000,0.000000,0.000000,0.000000,0.001041,0.000000,0.000000,0.000000,0.009581,0.000000,0.000000,0.000000,0.000000,0.000000,0.000000,0.000000,0.000000,0.000000,0.000000,0.000000,0.000000,0.000000,0.000000,0.000990,0.001412,0.001987,0.000000,0.009586,0.000000,0.007529,0.000000,0.010076,0.000000,0.000000,0.010071,0.000000,0.000000,0.010102,0.000000,0.000000,0.000000,0.000000,0.010074,0.005978,0.000000,0.005585,0.000000,0.005627,0.011595,0.000000,0.000000,0.000000,0.006191,0.010898,0.000000,0.006974,0.000000,0.010068,0.000000,0.005881,0.002940,0.000000,0.000000,0.000000,0.000000,0.010856,0.010861,0.001303
0.000000,0.000000,0.000000,0.000000,0.001457,0.002098,0.000000,0.000000,0.000000,0.000000,0.000123,0.000000,0.000000,0.000000,0.000000,0.000000,0.005163,0.000000,0.000000,0.000000,0.000000,0.000000,0.000000,0.000000,0.000000,0.000000,0.000000,0.000000,0.007164,0.009585,0.000999,0.001258,0.003160,0.002008,0.000000,0.000000,0.010084,0.000000,0.000000,0.009583,0.000000,0.000000,0.000000,0.000000,0.009956,0.000000,0.000000,0.000000,0.000000,0.000000,0.000000,0.010088,0.000000,0.000000,0.001355,0.000000,0.010074,0.000000,0.006634,0.000000,0.000000,0.010071,0.006262,0.000000,0.009592,0.005657,0.000000,0.000000,0.000000,0.010331,0.006031,0.000000,0.005578,0.000000,0.000000,0.000000,0.000000,0.000000,0.000000,0.006565,0.010075,0.000000,0.000000,0.000000,0.006805,0.010068,0.000000,0.000000,0.002748,0.009606,0.009972,0.010018,0.009580,0.010089,0.009994,0.010086,0.010005,0.009988,0.010080,0.000000
0.000000,0.000000,0.000000,0.000000,0.000000,0.000000,0.000000,0.001634,0.000000,0.000000,0.000000,0.000000,0.000000,0.000000,0.003905,0.000000,0.000000,0.000000,0.000000,0.006224,0.000000,0.000000,0.000000,0.005403,0.000000,0.000502,0.010392,0.000000,0.005338,0.002005,0.000994,0.000997,0.010076,0.000000,0.000000,0.000000,0.000000,0.000000,0.000000,0.000961,0.000000,0.000000,0.000000,0.000000,0.000000,0.000000,0.000000,0.000000,0.000000,0.000000,0.000000,0.000000,0.009585,0.000000,0.000000,0.010282,0.000000,0.006464,0.000000,0.010375,0.000000,0.000000,0.000000,0.000000,0.000000,0.010075,0.000000,0.000000,0.006035,0.000000,0.000000,0.011270,0.007544,0.000000,0.000789,0.000000,0.000000,0.010829,0.000000,0.000000,0.000236,0.000000,0.010842,0.000000,0.000000,0.008199,0.002980,0.011278,0.010929,0.010006,0.009603,0.009973,0.010432,0.009840,0.000000,0.000000,0.000000,0.000000,0.000000,0.010003
0.000000,0.000000,0.000000,0.000000,0.000873,0.000000,0.000000,0.000000,0.000000,0.000000,0.000000,0.002077,0.000000,0.009586,0.000000,0.000000,0.000000,0.000000,0.000000,0.000000,0.000000,0.000000,0.000000,0.000000,0.000000,0.006848,0.000000,0.001001,0.001003,0.001000,0.000000,0.000000,0.000000,0.009992,0.000000,0.000000,0.009589,0.000000,0.000000,0.000000,0.000000,0.000000,0.000000,0.000000,0.000000,0.009995,0.000000,0.000996,0.000000,0.010003,0.000000,0.000000,0.000000,0.000000,0.000000,0.000000,0.000000,0.000000,0.000000,0.009475,0.000000,0.000000,0.000000,0.000000,0.010720,0.000000,0.009990,0.000000,0.000000,0.000000,0.000000,0.010002,0.000000,0.000000,0.010747,0.000000,0.000000,0.010013,0.000000,0.000000,0.005278,0.000000,0.000000,0.000000,0.003076,0.002977,0.000000,0.000000,0.010085,0.002999,0.009585,0.009962,0.000000,0.000000,0.000000,0.000000,0.010007,0.000000,0.000000,0.009587
0.000000,0.000000,0.000000,0.000000,0.000888,0.000000,0.000000,0.000000,0.000955,0.000000,0.000000,0.000000,0.000000,0.000000,0.000624,0.000000,0.000000,0.000000,0.000000,0.000000,0.000000,0.000000,0.000000,0.009545,0.001050,0.010062,0.000992,0.000995,0.001911,0.002018,0.000000,0.000000,0.009997,0.000000,0.000000,0.000000,0.000000,0.000000,0.009580,0.000000,0.000000,0.000000,0.000000,0.000000,0.000000,0.000000,0.000000,0.000000,0.000000,0.000000,0.000000,0.000000,0.000000,0.000000,0.000000,0.000000,0.000000,0.000000,0.005824,0.000000,0.000000,0.000000,0.000000,0.005970,0.000000,0.000000,0.000000,0.000000,0.010082,0.000000,0.000000,0.000000,0.006257,0.010080,0.000000,0.006668,0.010826,0.010073,0.000000,0.000000,0.005675,0.000000,0.009577,0.001987,0.000000,0.000000,0.000000,0.010138,0.000000,0.000000,0.000000,0.000000,0.010088,0.000000,0.000000,0.011186,0.001988,0.000000,0.000000,0.000000
0.000000,0.000000,0.000000,0.000000,0.000000,0.001055,0.000000,0.000000,0.010091,0.000000,0.001959,0.000000,0.010076,0.000000,0.000000,0.000000,0.010078,0.000310,0.000000,0.000000,0.000000,0.000000,0.000000,0.000000,0.000000,0.000000,0.001000,0.001967,0.001989,0.000000,0.000000,0.000000,0.000000,0.009583,0.000000,0.000000,0.010086,0.000000,0.000000,0.000000,0.001626,0.000000,0.000000,0.000000,0.000000,0.000000,0.000000,0.009999,0.000000,0.000000,0.000000,0.000000,0.000000,0.000000,0.000000,0.000000,0.000529,0.000000,0.000000,0.000000,0.006483,0.000000,0.000000,0.010079,0.000000,0.010078,0.000000,0.000000,0.000000,0.000000,0.000000,0.000000,0.010015,0.010794,0.000000,0.000000,0.000000,0.010092,0.000000,0.010071,0.010307,0.001996,0.000000,0.000000,0.002066,0.000000,0.008076,0.000000,0.000000,0.000000,0.000000,0.000000,0.010861,0.000000,0.009979,0.000000,0.010080,0.000000,0.010083,0.000000
0.009593,0.000000,0.000000,0.000000,0.000000,0.000000,0.000000,0.000000,0.000000,0.005425,0.000000,0.000000,0.000000,0.000000,0.000000,0.000000,0.000000,0.000000,0.000000,0.000000,0.006465,0.010080,0.000000,0.000000,0.000000,0.001087,0.001973,0.001038,0.000000,0.000000,0.000000,0.010104,0.000000,0.000000,0.010873,0.000000,0.000734,0.000000,0.000000,0.000000,0.000000,0.010002,0.000000,0.000000,0.010684,0.000000,0.000000,0.000000,0.000000,0.001694,0.000000,0.010735,0.000000,0.000000,0.000000,0.006004,0.000000,0.011445,0.000000,0.000000,0.000000,0.000000,0.000000,0.000000,0.007587,0.000000,0.000000,0.005580,0.000000,0.000000,0.006939,0.010325,0.010077,0.000000,0.000000,0.006002,0.006340,0.000000,0.000000,0.010074,0.002994,0.000000,0.000000,0.000000,0.000000,0.010711,0.000000,0.000000,0.009090,0.000000,0.000000,0.000000,0.000000,0.000000,0.000000,0.000000,0.000000,0.000000,0.009578,0.010812
0.000000,0.000000,0.000000,0.000000,0.001091,0.000000,0.000000,0.000000,0.005179,0.000000,0.000000,0.003228,0.000000,0.000000,0.000000,0.010865,0.000000,0.000000,0.000000,0.000000,0.000000,0.000000,0.000000,0.003075,0.001004,0.001988,0.001118,0.011276,0.000000,0.000000,0.000000,0.000723,0.000000,0.000000,0.000000,0.000000,0.000000,0.000000,0.000000,0.000000,0.000000,0.000688,0.000000,0.000000,0.000000,0.000871,0.010079,0.010002,0.009998,0.010080,0.010006,0.000000,0.000000,0.010106,0.000000,0.000000,0.000000,0.000000,0.010817,0.000000,0.010075,0.000000,0.010088,0.000000,0.000000,0.010280,0.000000,0.000000,0.000000,0.000000,0.000000,0.000000,0.000000,0.011257,0.002481,0.000000,0.000000,0.000000,0.001990,0.002646,0.000000,0.000000,0.009992,0.000000,0.000000,0.010003,0.000000,0.000000,0.000000,0.000000,0.000000,0.009592,0.000000,0.009587,0.000000,0.000000,0.000000,0.009994,0.009831,0.010016
0.000000,0.000000,0.000000,0.000000,0.000000,0.001578,0.000000,0.000000,0.000000,0.000000,0.000000,0.000000,0.000000,0.000000,0.006021,0.000000,0.006513,0.010075,0.000000,0.000862,0.000000,0.000000,0.000000,0.001964,0.000000,0.001997,0.000995,0.000950,0.000000,0.000000,0.000000,0.000000,0.000000,0.000000,0.000000,0.009992,0.000000,0.000000,0.000000,0.000000,0.000000,0.000000,0.000000,0.000000,0.009577,0.000000,0.000000,0.000000,0.000000,0.000000,0.000000,0.000000,0.000000,0.000000,0.000000,0.000000,0.000000,0.000000,0.000000,0.000000,0.004898,0.010075,0.000000,0.000000,0.010072,0.000000,0.000000,0.000000,0.010825,0.010072,0.000000,0.000000,0.000000,0.000000,0.006523,0.000000,0.000000,0.010095,0.003085,0.000000,0.008592,0.000000,0.000000,0.011198,0.000000,0.000000,0.000000,0.009578,0.003029,0.000000,0.000000,0.000000,0.000729,0.010755,0.000000,0.000000,0.000000,0.000000,0.000000,0.000000
0.000000,0.000000,0.000000,0.000581,0.000000,0.005508,0.000000,0.000000,0.000000,0.000000,0.000000,0.001093,0.000000,0.000000,0.000000,0.000000,0.000000,0.000000,0.000000,0.005812,0.000000,0.000000,0.000000,0.000000,0.001008,0.000920,0.001999,0.000000,0.000000,0.000000,0.000000,0.000000,0.000000,0.000000,0.010000,0.000000,0.000000,0.009989,0.000000,0.000000,0.010077,0.000000,0.000000,0.000000,0.000000,0.000000,0.000000,0.001720,0.000000,0.006107,0.000000,0.010078,0.000000,0.000000,0.006287,0.000000,0.005519,0.010850,0.000000,0.000000,0.000000,0.000000,0.006817,0.010132,0.000000,0.006590,0.000000,0.000000,0.000000,0.006316,0.000000,0.000000,0.010073,0.010070,0.010076,0.000000,0.010087,0.002994,0.000000,0.010036,0.000000,0.000000,0.000000,0.010007,0.000000,0.000000,0.000000,0.010075,0.000000,0.000000,0.000000,0.010825,0.009986,0.000000,0.000000,0.000000,0.000000,0.000000,0.010004,0.010840
0.000000,0.000000,0.000000,0.000000,0.000525,0.000000,0.000000,0.000000,0.000000,0.000000,0.000310,0.000000,0.003244,0.000000,0.000000,0.000000,0.000000,0.000000,0.000000,0.000745,0.000000,0.000000,0.000000,0.000993,0.000996,0.000996,0.000000,0.000000,0.010651,0.000000,0.000000,0.000000,0.000000,0.009581,0.000000,0.000000,0.000000,0.000000,0.000000,0.000000,0.000000,0.000000,0.000000,0.000000,0.000000,0.000000,0.000000,0.000000,0.005628,0.000000,0.000000,0.000000,0.010818,0.000000,0.000000,0.000000,0.011336,0.000000,0.007375,0.000000,0.000000,0.000000,0.005493,0.000000,0.010970,0.010070,0.010074,0.000000,0.000000,0.000000,0.006458,0.000000,0.000000,0.000706,0.000000,0.003024,0.000000,0.000000,0.009994,0.000000,0.000000,0.000000,0.000000,0.000000,0.000000,0.000000,0.000000,0.000000,0.000000,0.000000,0.010027,0.000000,0.000000,0.000000,0.000000,0.000000,0.000000,0.000000,0.000000,0.010773
0.000000,0.000000,0.000000,0.000000,0.011242,0.000000,0.000000,0.001004,0.000000,0.000000,0.000000,0.009590,0.000000,0.000000,0.000000,0.000000,0.000245,0.000000,0.000000,0.000000,0.000000,0.006264,0.000000,0.000998,0.001906,0.002001,0.000000,0.000000,0.000000,0.000000,0.000000,0.000000,0.010085,0.000000,0.009976,0.000000,0.000000,0.000000,0.000000,0.001991,0.010088,0.000000,0.000000,0.000000,0.000000,0.000000,0.008969,0.000000,0.000000,0.000000,0.000000,0.000000,0.000744,0.000000,0.000000,0.000000,0.004872,0.010124,0.000000,0.000000,0.000000,0.000000,0.000000,0.000000,0.010072,0.000000,0.007222,0.000000,0.006404,0.000000,0.000000,0.005185,0.005133,0.000355,0.002988,0.000000,0.000000,0.000000,0.010083,0.000000,0.000000,0.009946,0.000000,0.000000,0.010628,0.000000,0.000000,0.000000,0.000000,0.000000,0.000000,0.000000,0.000000,0.000000,0.000000,0.010015,0.010057,0.000000,0.000000,0.000000
0.000000,0.000000,0.000000,0.000000,0.001530,0.000000,0.000000,0.001289,0.000000,0.009997,0.000000,0.000000,0.006663,0.000000,0.000000,0.000000,0.000000,0.000000,0.006694,0.000000,0.001057,0.010688,0.000997,0.000997,0.000996,0.000000,0.000000,0.001066,0.000997,0.010565,0.000000,0.009997,0.000000,0.009997,0.000000,0.000000,0.000000,0.009997,0.000000,0.000000,0.000000,0.000000,0.000000,0.009998,0.000000,0.000000,0.000975,0.010055,0.000000,0.010679,0.000059,0.010002,0.006639,0.010055,0.000000,0.000000,0.000000,0.000000,0.000000,0.000000,0.006555,0.000000,0.000000,0.000000,0.000000,0.006743,0.000000,0.000000,0.009999,0.010003,0.010003,0.010631,0.000000,0.000000,0.002986,0.000000,0.010051,0.000000,0.010044,0.009559,0.000000,0.000000,0.009996,0.000000,0.000000,0.000000,0.002937,0.000000,0.000000,0.000000,0.000000,0.000000,0.010000,0.000000,0.000000,0.000000,0.009411,0.000000,0.000000,0.000000
0.000000,0.000000,0.000000,0.000000,0.001931,0.000000,0.000000,0.000000,0.000997,0.000000,0.000000,0.000000,0.000000,0.000000,0.000000,0.000000,0.000000,0.000000,0.000000,0.000000,0.000000,0.006161,0.002383,0.001001,0.000000,0.000000,0.000000,0.000000,0.000000,0.001011,0.000000,0.010201,0.000000,0.000000,0.000000,0.000000,0.000000,0.009065,0.000000,0.000000,0.000000,0.002386,0.000884,0.003064,0.000000,0.002665,0.000000,0.003446,0.000000,0.004028,0.009997,0.000228,0.010035,0.000000,0.002794,0.000000,0.004754,0.011554,0.000000,0.000000,0.000278,0.000000,0.000000,0.009992,0.010923,0.010066,0.000000,0.011965,0.001783,0.000000,0.000000,0.000000,0.005908,0.000000,0.008006,0.000000,0.009989,0.000000,0.000000,0.000000,0.000000,0.000776,0.009969,0.000000,0.000000,0.000000,0.000000,0.000000,0.000000,0.009992,0.000000,0.001996,0.009562,0.010697,0.000000,0.000000,0.010083,0.001826,0.000000,0.000000
0.000000,0.007570,0.000000,0.000000,0.000000,0.000000,0.000000,0.000000,0.001084,0.000999,0.000000,0.003161,0.000000,0.000000,0.000000,0.004117,0.000000,0.000000,0.000000,0.000000,0.001730,0.000000,0.000000,0.001009,0.002445,0.000997,0.000000,0.008007,0.000000,0.000000,0.003018,0.000000,0.000000,0.008065,0.000000,0.000000,0.000000,0.000000,0.000000,0.000000,0.000000,0.000000,0.000000,0.000000,0.010876,0.011820,0.000000,0.002358,0.000000,0.000000,0.000000,0.004773,0.012043,0.000000,0.004539,0.012006,0.000000,0.004395,0.000000,0.009997,0.000000,0.001416,0.000191,0.000000,0.000000,0.004341,0.000000,0.000000,0.005737,0.002561,0.000000,0.000000,0.002991,0.010735,0.000000,0.007057,0.000000,0.009561,0.007507,0.000000,0.000000,0.000000,0.000000,0.002185,0.000000,0.000000,0.001827,0.000000,0.008563,0.008567,0.003163,0.000000,0.000000,0.007559,0.000000,0.010063,0.000000,0.000000,0.000000,0.000000
0.000000,0.009507,0.000000,0.000000,0.000000,0.000000,0.000000,0.000000,0.009200,0.000000,0.003772,0.000000,0.000000,0.000000,0.000000,0.000000,0.006690,0.010066,0.000000,0.000000,0.000000,0.000000,0.004002,0.001930,0.000996,0.000000,0.000000,0.009066,0.000000,0.000000,0.000000,0.002007,0.000000,0.001983,0.000000,0.000000,0.000000,0.000000,0.000860,0.000612,0.000000,0.000000,0.000000,0.010754,0.000000,0.010051,0.000000,0.010063,0.000000,0.010071,0.000000,0.000000,0.000000,0.000000,0.004704,0.000000,0.009562,0.000000,0.000000,0.004402,0.000000,0.002249,0.001622,0.000000,0.004380,0.004466,0.004992,0.003528,0.000000,0.000000,0.003052,0.010082,0.001674,0.011045,0.000000,0.000000,0.010006,0.000000,0.000000,0.000000,0.004064,0.010063,0.011830,0.000000,0.000000,0.003383,0.000000,0.007506,0.000916,0.000000,0.000000,0.008063,0.000000,0.011411,0.000000,0.000000,0.000000,0.001993,0.000000,0.000000
0.000000,0.000000,0.001871,0.000000,0.000000,0.002352,0.000000,0.000000,0.002491,0.000000,0.000000,0.001891,0.000000,0.000000,0.000000,0.000000,0.010069,0.000000,0.005734,0.010058,0.000000,0.002055,0.001998,0.001993,0.000000,0.000000,0.000000,0.000000,0.000000,0.000000,0.000000,0.009998,0.000000,0.000000,0.010211,0.000000,0.000000,0.000000,0.001937,0.000000,0.008007,0.012515,0.000000,0.000000,0.000000,0.005705,0.010930,0.000000,0.002323,0.000000,0.002169,0.000000,0.000000,0.005645,0.010002,0.000000,0.004812,0.000000,0.011620,0.000000,0.000000,0.000000,0.000000,0.000000,0.000000,0.000000,0.010002,0.011715,0.000000,0.000000,0.005972,0.000091,0.000000,0.000000,0.000000,0.010328,0.000000,0.000000,0.000000,0.000000,0.000000,0.000000,0.000000,0.000000,0.000000,0.000000,0.007507,0.000000,0.010000,0.000000,0.000000,0.000000,0.009376,0.000000,0.008288,0.000000,0.000000,0.000000,0.002988,0.000000
0.000000,0.010049,0.000000,0.000000,0.000000,0.000000,0.000000,0.000000,0.001752,0.001206,0.000000,0.000000,0.010211,0.000000,0.011039,0.000000,0.000000,0.000000,0.000000,0.000000,0.000000,0.000921,0.000989,0.001937,0.000000,0.009939,0.000000,0.000000,0.000000,0.000000,0.000000,0.009586,0.000000,0.000000,0.000000,0.000000,0.000000,0.000000,0.000000,0.000000,0.008463,0.000000,0.009559,0.001981,0.010425,0.000000,0.010058,0.000000,0.001655,0.009997,0.000000,0.004873,0.010896,0.000000,0.000000,0.006988,0.000000,0.000000,0.011261,0.000000,0.000000,0.000000,0.000000,0.000000,0.000000,0.000000,0.009073,0.011069,0.000000,0.006348,0.001993,0.001764,0.000000,0.000000,0.000000,0.011398,0.000000,0.000000,0.000000,0.000000,0.000000,0.000000,0.000000,0.011344,0.001994,0.009006,0.000000,0.000000,0.009999,0.000000,0.000000,0.000000,0.000000,0.001100,0.000000,0.000000,0.000000,0.010562,0.010057,0.000000
0.000000,0.009548,0.000000,0.000000,0.000000,0.000000,0.000000,0.000998,0.000000,0.000000,0.000000,0.009319,0.000000,0.010815,0.000000,0.000000,0.000000,0.000000,0.010002,0.000000,0.000000,0.001934,0.001991,0.000000,0.000000,0.000000,0.000000,0.000000,0.000000,0.000000,0.000995,0.008502,0.000000,0.000000,0.000000,0.009558,0.010037,0.000000,0.010057,0.010062,0.000000,0.002130,0.000000,0.000000,0.001875,0.000000,0.002064,0.000000,0.000000,0.000000,0.000000,0.000000,0.012269,0.000000,0.000000,0.000000,0.003213,0.001608,0.000000,0.000836,0.000000,0.000000,0.000000,0.000000,0.000000,0.000000,0.000000,0.000000,0.012578,0.003047,0.007060,0.000000,0.000000,0.000000,0.009945,0.012581,0.007558,0.010887,0.009694,0.007750,0.000000,0.000000,0.000000,0.000000,0.002032,0.000000,0.009989,0.002991,0.000000,0.000000,0.001624,0.011066,0.000000,0.000000,0.000000,0.009099,0.000000,0.000000,0.006757,0.000000
0.000000,0.000942,0.000000,0.000000,0.001905,0.000000,0.000000,0.001002,0.000000,0.000000,0.000000,0.002784,0.000000,0.000000,0.000000,0.000000,0.000000,0.000000,0.000000,0.000000,0.001993,0.002344,0.001993,0.000000,0.000000,0.000000,0.008501,0.000000,0.001808,0.000000,0.000000,0.010786,0.000000,0.000000,0.000000,0.000000,0.000000,0.000000,0.000000,0.002974,0.010067,0.000000,0.000000,0.000000,0.005927,0.000000,0.006168,0.000000,0.000000,0.006242,0.000714,0.000000,0.000000,0.006522,0.000000,0.010058,0.000000,0.000000,0.000000,0.000000,0.000000,0.000000,0.000000,0.010058,0.010067,0.005857,0.000000,0.000000,0.002917,0.000000,0.000000,0.009570,0.000000,0.002989,0.000000,0.000000,0.010575,0.010004,0.000972,0.000000,0.000000,0.000000,0.011056,0.000000,0.000000,0.000000,0.000000,0.000000,0.000000,0.000000,0.000000,0.010001,0.010001,0.002428,0.000000,0.000000,0.002985,0.009569,0.000000,0.000000
0.000000,0.009561,0.000000,0.000000,0.010061,0.000000,0.000000,0.000000,0.000000,0.000000,0.000000,0.000000,0.000000,0.000000,0.000000,0.000000,0.010058,0.000000,0.000000,0.010288,0.000000,0.000996,0.000982,0.000986,0.000000,0.000000,0.000000,0.000000,0.010626,0.000000,0.000000,0.000000,0.000000,0.000000,0.002227,0.000000,0.000000,0.000000,0.000000,0.009562,0.009638,0.000000,0.000000,0.000000,0.000000,0.005571,0.000000,0.000000,0.006367,0.010047,0.000000,0.000000,0.000000,0.006426,0.004452,0.000000,0.000000,0.000000,0.000000,0.000000,0.005169,0.000852,0.000000,0.000000,0.000000,0.010054,0.006513,0.000986,0.001944,0.009997,0.000000,0.000000,0.000000,0.000000,0.000000,0.000000,0.000000,0.000000,0.009991,0.000000,0.000000,0.011074,0.003451,0.010249,0.000000,0.010070,0.000000,0.010738,0.000000,0.000000,0.000000,0.000000,0.000000,0.002791,0.009576,0.009568,0.010065,0.000000,0.000000,0.009998
0.000000,0.000000,0.000000,0.000857,0.000000,0.008907,0.000000,0.010297,0.005640,0.000000,0.000000,0.000000,0.000000,0.000000,0.000000,0.000000,0.000000,0.000000,0.000000,0.000905,0.000000,0.001989,0.001991,0.000000,0.000000,0.005848,0.001993,0.000000,0.010581,0.000000,0.000000,0.000000,0.008006,0.000000,0.000000,0.000000,0.000000,0.009149,0.000000,0.000000,0.000000,0.000000,0.000000,0.000000,0.000000,0.000000,0.010062,0.000000,0.006898,0.000707,0.000000,0.000000,0.005883,0.000000,0.000000,0.000000,0.000000,0.000000,0.000000,0.000000,0.006225,0.006946,0.000416,0.000000,0.000000,0.010068,0.006552,0.002987,0.009557,0.009997,0.000000,0.000000,0.000000,0.009996,0.000679,0.000000,0.000000,0.000000,0.001993,0.000000,0.000000,0.000000,0.000000,0.000000,0.000000,0.010064,0.000000,0.000000,0.010067,0.002002,0.000000,0.000000,0.000000,0.000000,0.000000,0.009061,0.010601,0.000000,0.000000,0.000000
0.000000,0.000000,0.000000,0.010604,0.000000,0.000000,0.000000,0.001072,0.000000,0.000000,0.000000,0.000000,0.000000,0.000000,0.000000,0.000000,0.000000,0.000000,0.000000,0.010057,0.000000,0.001998,0.001988,0.001988,0.000000,0.000000,0.000000,0.000000,0.000000,0.000000,0.009986,0.000000,0.000000,0.000000,0.000000,0.000000,0.010001,0.000000,0.000000,0.009986,0.000000,0.000000,0.000000,0.006533,0.000000,0.000000,0.000000,0.010079,0.000000,0.000000,0.000000,0.010084,0.000000,0.000000,0.000000,0.000000,0.000000,0.000000,0.000000,0.000000,0.010063,0.000000,0.006273,0.000000,0.000000,0.010055,0.001786,0.002989,0.009560,0.000000,0.000000,0.000000,0.000000,0.002998,0.000000,0.000000,0.010000,0.000000,0.000000,0.010001,0.000000,0.000000,0.000000,0.010628,0.000000,0.000000,0.009558,0.000000,0.000000,0.000000,0.000000,0.000000,0.000000,0.000000,0.000000,0.000000,0.000000,0.000000,0.010002,0.000000
0.009998,0.000000,0.000000,0.000000,0.000571,0.000000,0.000000,0.000000,0.000000,0.009561,0.000000,0.000000,0.000688,0.009575,0.000000,0.000000,0.000000,0.000000,0.000000,0.010071,0.001986,0.000997,0.001673,0.000000,0.000000,0.000000,0.007504,0.000000,0.002426,0.000000,0.000000,0.000997,0.000000,0.000000,0.000000,0.008174,0.000949,0.000000,0.009567,0.001808,0.000000,0.009504,0.000000,0.000000,0.000000,0.000407,0.005054,0.000000,0.010001,0.000000,0.000000,0.000000,0.000000,0.001066,0.004197,0.000193,0.000190,0.000000,0.000000,0.000000,0.012560,0.000952,0.000000,0.000000,0.006026,0.002000,0.002990,0.002489,0.007667,0.008990,0.010056,0.009998,0.009571,0.000688,0.000000,0.000000,0.000000,0.000000,0.009059,0.000000,0.000000,0.010249,0.000000,0.000000,0.009972,0.000000,0.000000,0.000000,0.000000,0.000000,0.010047,0.010001,0.000000,0.000000,0.000000,0.009124,0.000000,0.000000,0.010082,0.000000
0.000000,0.011429,0.001993,0.000997,0.000997,0.002464,0.000000,0.001220,0.000000,0.000000,0.000000,0.000000,0.000000,0.000000,0.000000,0.001446,0.000000,0.006281,0.001780,0.000000,0.000000,0.001992,0.002282,0.000997,0.000000,0.000000,0.000000,0.008007,0.000000,0.000000,0.002232,0.008507,0.010000,0.000000,0.000000,0.000000,0.000000,0.000000,0.000000,0.005669,0.000000,0.004274,0.010002,0.000000,0.000000,0.010052,0.000000,0.004624,0.002361,0.009996,0.000000,0.010762,0.000000,0.000000,0.000000,0.000000,0.000000,0.002811,0.000000,0.000000,0.011073,0.003439,0.000000,0.009997,0.000000,0.002988,0.008503,0.000000,0.000000,0.000000,0.000000,0.000000,0.000000,0.000000,0.009998,0.000000,0.000000,0.009999,0.000000,0.010520,0.000000,0.002826,0.010916,0.000000,0.001225,0.011516,0.008508,0.000000,0.001844,0.001906,0.000000,0.000000,0.000000,0.000000,0.009006,0.000000,0.000000,0.000000,0.010130,0.000000
0.002225,0.000000,0.000000,0.008007,0.000000,0.000000,0.000000,0.000000,0.000000,0.000000,0.000502,0.000000,0.000000,0.000000,0.003580,0.010073,0.000000,0.006513,0.000000,0.000000,0.000997,0.001000,0.001660,0.000000,0.009999,0.000000,0.000000,0.000000,0.000000,0.000000,0.000000,0.000000,0.000758,0.000000,0.000000,0.000000,0.007029,0.000000,0.000000,0.000000,0.000000,0.000000,0.004121,0.000000,0.000000,0.004552,0.000000,0.011755,0.011012,0.000000,0.000000,0.000000,0.000000,0.000000,0.000000,0.000000,0.000000,0.000000,0.006554,0.000000,0.000000,0.000000,0.000000,0.009118,0.003635,0.000000,0.000000,0.000000,0.000000,0.009553,0.010866,0.000000,0.000000,0.008064,0.000000,0.009996,0.000000,0.009988,0.000000,0.012277,0.000000,0.000000,0.000000,0.000000,0.000000,0.002330,0.007008,0.009993,0.010000,0.000000,0.000000,0.001561,0.000000,0.010067,0.001705,0.008560,0.000000,0.000000,0.009998,0.000000
0.010008,0.000000,0.000000,0.000000,0.000000,0.000000,0.000000,0.000000,0.000000,0.009566,0.000000,0.000000,0.000000,0.000000,0.000000,0.000000,0.000000,0.000000,0.000000,0.001109,0.001995,0.000997,0.000000,0.000000,0.000000,0.000000,0.000344,0.001330,0.000000,0.000000,0.000000,0.000000,0.000000,0.009088,0.000000,0.000000,0.000000,0.000000,0.000000,0.000000,0.000000,0.002487,0.000000,0.000000,0.000000,0.010068,0.000000,0.000000,0.000584,0.003419,0.003199,0.004732,0.000214,0.000000,0.000000,0.000000,0.010061,0.000000,0.005285,0.000000,0.000000,0.000000,0.000000,0.000000,0.000698,0.010739,0.009913,0.011214,0.000000,0.000000,0.000000,0.000000,0.000000,0.009569,0.000000,0.001999,0.010061,0.000000,0.000000,0.000000,0.009993,0.000000,0.000000,0.000000,0.000000,0.010073,0.002170,0.010078,0.000000,0.000000,0.000000,0.000000,0.009980,0.000000,0.010681,0.000000,0.000000,0.000000,0.000000,0.010265
0.000000,0.000000,0.000000,0.000000,0.000000,0.010085,0.001060,0.000000,0.000000,0.000000,0.000000,0.000000,0.000000,0.000000,0.001272,0.002171,0.000000,0.000000,0.000000,0.001001,0.001007,0.000000,0.000000,0.000000,0.000000,0.000000,0.000000,0.000000,0.000000,0.000191,0.001993,0.000000,0.009561,0.008562,0.000000,0.000000,0.009995,0.000000,0.011970,0.000000,0.000000,0.000000,0.000000,0.000683,0.000000,0.010766,0.009567,0.000000,0.000000,0.000000,0.000000,0.000000,0.000000,0.000000,0.000000,0.010058,0.000000,0.000000,0.000000,0.000000,0.000000,0.000000,0.000000,0.005560,0.002986,0.010023,0.000718,0.000000,0.000000,0.000000,0.010771,0.000000,0.000000,0.000000,0.008278,0.000000,0.001758,0.000000,0.000000,0.000000,0.000000,0.000684,0.000000,0.000000,0.000000,0.000000,0.000000,0.000000,0.000000,0.010713,0.000000,0.009063,0.000000,0.010003,0.000000,0.000000,0.002978,0.000000,0.000000,0.000000
0.000000,0.010002,0.000000,0.000000,0.001285,0.000000,0.000000,0.000000,0.006182,0.000000,0.000000,0.000000,0.005981,0.010051,0.000000,0.000000,0.009576,0.000000,0.000306,0.000000,0.010236,0.001992,0.000997,0.009505,0.000000,0.000000,0.000000,0.000000,0.008560,0.002957,0.000000,0.010062,0.000000,0.000000,0.000000,0.000000,0.000000,0.000000,0.007832,0.000000,0.000000,0.005031,0.006106,0.010083,0.000000,0.010064,0.000000,0.000000,0.000000,0.000000,0.000000,0.000000,0.011008,0.003622,0.000000,0.011563,0.000000,0.000000,0.003024,0.000000,0.010071,0.001997,0.000000,0.000000,0.000000,0.000000,0.000000,0.009568,0.000000,0.000000,0.009582,0.000000,0.000000,0.000000,0.010544,0.000000,0.000000,0.010601,0.009586,0.000000,0.000000,0.009929,0.010057,0.000000,0.000000,0.003005,0.009993,0.000000,0.000000,0.000000,0.009567,0.000000,0.000000,0.000000,0.009998,0.000000,0.000000,0.000000,0.000000,0.000000
0.000000,0.000000,0.000000,0.001927,0.000000,0.000000,0.000000,0.010773,0.001087,0.000000,0.000732,0.000000,0.000000,0.000503,0.000000,0.000578,0.000000,0.000000,0.000000,0.001000,0.002003,0.001973,0.010059,0.000000,0.000953,0.001991,0.010064,0.009979,0.009996,0.009999,0.009994,0.000000,0.000000,0.000000,0.010001,0.000000,0.010838,0.000000,0.009919,0.010056,0.000000,0.006681,0.010901,0.000000,0.000000,0.006818,0.005835,0.000000,0.000000,0.000000,0.000000,0.005953,0.005571,0.000000,0.000000,0.011021,0.005206,0.000000,0.000000,0.006547,0.000000,0.000000,0.001985,0.009993,0.000000,0.000000,0.000000,0.009916,0.000000,0.000000,0.000000,0.000000,0.000000,0.010155,0.000000,0.000000,0.000000,0.000000,0.000000,0.000000,0.000000,0.000000,0.000000,0.010650,0.010700,0.000000,0.000000,0.010970,0.000000,0.000000,0.009997,0.000000,0.000000,0.000000,0.000000,0.009570,0.009919,0.000000,0.000000,0.000000
0.010004,0.000000,0.000000,0.000000,0.000000,0.000000,0.000000,0.000000,0.000000,0.000000,0.000000,0.000000,0.000737,0.000000,0.006009,0.010773,0.000000,0.000000,0.006207,0.000000,0.002023,0.001993,0.000000,0.000000,0.000000,0.000000,0.000000,0.000000,0.000000,0.000000,0.009983,0.000000,0.000000,0.000000,0.000000,0.000000,0.000000,0.000000,0.000000,0.000000,0.000000,0.010052,0.010053,0.000000,0.000000,0.000000,0.000198,0.006017,0.000000,0.000000,0.000000,0.000000,0.000000,0.010049,0.006256,0.000000,0.000000,0.000000,0.000000,0.010058,0.006454,0.000000,0.002177,0.010073,0.000000,0.000000,0.000000,0.010001,0.000000,0.000000,0.000000,0.000000,0.009997,0.000000,0.000000,0.000000,0.000000,0.000000,0.000000,0.000000,0.000000,0.000000,0.000000,0.009991,0.000000,0.000000,0.000000,0.000000,0.000000,0.000000,0.010053,0.010008,0.009999,0.010252,0.009566,0.000000,0.000000,0.000000,0.009563,0.000000
0.010277,0.000000,0.000000,0.010949,0.000000,0.010063,0.000000,0.000000,0.000000,0.000000,0.000000,0.000000,0.000000,0.000000,0.000000,0.000000,0.000000,0.000000,0.000988,0.000986,0.000000,0.000000,0.000000,0.000000,0.000000,0.000000,0.000000,0.000000,0.000000,0.000000,0.009994,0.000000,0.000000,0.009984,0.000000,0.010071,0.000000,0.005261,0.010062,0.000000,0.000000,0.000000,0.000265,0.006649,0.006596,0.000000,0.000000,0.010059,0.000000,0.000000,0.000000,0.005236,0.000000,0.000000,0.000000,0.000000,0.000000,0.000000,0.000000,0.002974,0.009994,0.009984,0.000000,0.000000,0.000000,0.002053,0.000000,0.000000,0.010007,0.000000,0.000000,0.000000,0.000694,0.000000,0.009989,0.000000,0.000000,0.000000,0.000000,0.000000,0.000000,0.000000,0.009988,0.000000,0.009993,0.000000,0.000000,0.000000,0.010333,0.000000,0.000000,0.000000,0.009983,0.009977,0.000000,0.009998,0.000000,0.000000,0.000000,0.000000
0.009996,0.000000,0.000000,0.011635,0.000000,0.006813,0.000000,0.000000,0.000000,0.000000,0.000000,0.000000,0.000000,0.005854,0.010054,0.000000,0.000999,0.001985,0.000997,0.001996,0.010062,0.000000,0.000000,0.000000,0.000000,0.000000,0.000000,0.000000,0.000000,0.009995,0.000000,0.000000,0.009986,0.000000,0.000000,0.000000,0.000000,0.006540,0.010066,0.000000,0.000000,0.006764,0.000000,0.000000,0.000000,0.000000,0.005782,0.000000,0.000000,0.010074,0.000000,0.000417,0.000000,0.000000,0.000000,0.010061,0.007405,0.010056,0.007925,0.002978,0.000000,0.000000,0.000000,0.009995,0.000000,0.009987,0.000000,0.009561,0.000000,0.000000,0.010019,0.009999,0.000000,0.000000,0.009564,0.009562,0.010681,0.000000,0.000000,0.000000,0.000000,0.000000,0.000000,0.000000,0.010001,0.000000,0.000000,0.010059,0.009565,0.000000,0.000000,0.000000,0.000000,0.000000,0.009997,0.000000,0.000000,0.000000,0.000000,0.000000
0.010893,0.000000,0.000000,0.001995,0.004453,0.000000,0.000000,0.000000,0.000000,0.000000,0.000000,0.000000,0.000000,0.000000,0.000000,0.000000,0.000000,0.010235,0.001987,0.001993,0.000000,0.000000,0.000000,0.000000,0.000000,0.000000,0.000000,0.000000,0.010600,0.011988,0.000000,0.000000,0.000000,0.000000,0.000000,0.000000,0.000000,0.000000,0.000000,0.010053,0.010049,0.000000,0.000000,0.000000,0.000000,0.000000,0.000000,0.000000,0.000000,0.010052,0.000000,0.000000,0.000000,0.000000,0.010062,0.005882,0.000000,0.000000,0.009570,0.002971,0.000000,0.000000,0.000000,0.010260,0.000000,0.000662,0.000000,0.000000,0.010005,0.000000,0.000000,0.000000,0.002038,0.009984,0.009566,0.010799,0.000000,0.000000,0.000000,0.000000,0.000000,0.000000,0.001210,0.000000,0.000000,0.000000,0.000000,0.009560,0.010613,0.009994,0.010829,0.000000,0.009997,0.000000,0.000000,0.000000,0.000000,0.000000,0.010726,0.001994
0.002566,0.000000,0.000000,0.010533,0.000000,0.000000,0.000000,0.006479,0.000000,0.000000,0.000000,0.000000,0.000000,0.000000,0.000000,0.005783,0.000000,0.000000,0.000999,0.000990,0.000000,0.000000,0.009989,0.000000,0.000000,0.000000,0.000000,0.009938,0.000000,0.000000,0.000000,0.010060,0.000000,0.010061,0.000000,0.002000,0.009568,0.000000,0.000233,0.000000,0.005939,0.000000,0.000000,0.000000,0.000000,0.005633,0.000000,0.000000,0.010061,0.000000,0.000000,0.010053,0.006465,0.000000,0.006705,0.010068,0.005842,0.000000,0.006431,0.009557,0.000000,0.000000,0.000000,0.000000,0.000000,0.000000,0.000000,0.000000,0.000000,0.000000,0.000000,0.000000,0.000000,0.010009,0.010330,0.000000,0.000000,0.000677,0.000000,0.009997,0.000000,0.000000,0.009994,0.000000,0.000000,0.000000,0.000000,0.000000,0.000000,0.000000,0.000000,0.010318,0.001986,0.000000,0.010005,0.000000,0.000000,0.000000,0.000000,0.000000
0.000000,0.000000,0.000000,0.000000,0.000000,0.000000,0.000000,0.000000,0.000000,0.000000,0.000000,0.000000,0.000000,0.000000,0.000000,0.000000,0.000000,0.007469,0.003629,0.001928,0.000984,0.000000,0.000000,0.000705,0.000000,0.000000,0.000000,0.000000,0.000000,0.000000,0.010682,0.000000,0.010063,0.000000,0.000000,0.000000,0.010278,0.000000,0.000000,0.000000,0.000000,0.000000,0.006701,0.000000,0.000000,0.000000,0.010055,0.000000,0.006613,0.000000,0.010059,0.006357,0.000000,0.000000,0.000000,0.000000,0.000000,0.000000,0.001991,0.000000,0.009566,0.000000,0.000000,0.009568,0.000000,0.000000,0.009992,0.000000,0.000000,0.000000,0.000000,0.009566,0.009991,0.000000,0.000000,0.000000,0.001236,0.000000,0.000000,0.000000,0.000000,0.010002,0.010271,0.000000,0.000000,0.009568,0.009935,0.000000,0.000000,0.000000,0.010002,0.000000,0.000000,0.000000,0.000000,0.000000,0.000000,0.000000,0.000000,0.000000
0.000000,0.009555,0.000000,0.000000,0.001671,0.000000,0.000000,0.000000,0.000000,0.000000,0.000000,0.000000,0.006163,0.000000,0.000000,0.000000,0.000000,0.001129,0.001260,0.002024,0.000000,0.000000,0.000000,0.000734,0.010063,0.010387,0.010064,0.000000,0.000000,0.010053,0.000000,0.009942,0.000000,0.009998,0.000000,0.000000,0.000000,0.013095,0.000000,0.000000,0.010061,0.000000,0.000000,0.000000,0.010054,0.000000,0.006729,0.000000,0.000000,0.000000,0.006384,0.010052,0.006075,0.000000,0.005734,0.010774,0.000000,0.000633,0.000000,0.010060,0.000000,0.000000,0.000000,0.009998,0.002981,0.000000,0.000000,0.009062,0.010001,0.010004,0.009556,0.009976,0.000000,0.000000,0.003034,0.000000,0.000000,0.009565,0.000000,0.011605,0.010002,0.000000,0.000000,0.002982,0.000000,0.000000,0.009068,0.000000,0.000000,0.010000,0.000000,0.010061,0.005320,0.009995,0.000000,0.000000,0.000000,0.010705,0.009923,0.010068
0.002065,0.000999,0.001997,0.001997,0.001918,0.000000,0.000000,0.000000,0.010059,0.000000,0.000000,0.000000,0.000000,0.000000,0.000000,0.000000,0.000000,0.000000,0.007972,0.005297,0.001997,0.000000,0.000000,0.000000,0.000000,0.000000,0.000000,0.000000,0.010702,0.000000,0.000000,0.000000,0.000000,0.000000,0.011243,0.010054,0.010058,0.000000,0.000000,0.000000,0.006041,0.005367,0.000000,0.000000,0.006939,0.000000,0.000000,0.000711,0.000000,0.010055,0.005919,0.000000,0.000000,0.006528,0.010736,0.000000,0.001613,0.002059,0.009568,0.000000,0.000000,0.000000,0.000000,0.000000,0.011070,0.000000,0.000000,0.000000,0.000000,0.000000,0.009997,0.000000,0.000000,0.009997,0.000000,0.000000,0.000000,0.009996,0.000000,0.000000,0.000000,0.000000,0.000000,0.000000,0.000000,0.000000,0.010000,0.000000,0.009992,0.000000,0.002997,0.000000,0.000000,0.000000,0.000000,0.000000,0.000000,0.000000,0.000000,0.000000
0.000000,0.000000,0.000000,0.001506,0.006831,0.000000,0.000000,0.000000,0.000000,0.000000,0.000000,0.000000,0.000000,0.000000,0.000000,0.010053,0.000000,0.000000,0.002981,0.002990,0.000000,0.000000,0.000000,0.000000,0.000000,0.000000,0.000000,0.009985,0.000000,0.000000,0.001989,0.000000,0.000000,0.010063,0.000000,0.010252,0.000000,0.000000,0.000000,0.000000,0.000000,0.000000,0.000000,0.000000,0.004388,0.000000,0.000000,0.010050,0.005412,0.000000,0.000000,0.000000,0.000000,0.000000,0.000000,0.000000,0.003179,0.009559,0.000000,0.002061,0.000000,0.009561,0.000000,0.000000,0.010062,0.000000,0.000000,0.000000,0.000000,0.000000,0.003017,0.010619,0.000000,0.000000,0.010003,0.000000,0.000000,0.000000,0.000000,0.001990,0.000000,0.000000,0.000000,0.000000,0.000000,0.009925,0.000000,0.000000,0.000000,0.000000,0.009985,0.000000,0.000000,0.000000,0.000000,0.000000,0.000000,0.000000,0.000000,0.000000
0.009560,0.000000,0.000000,0.012048,0.000000,0.010857,0.000000,0.001106,0.000000,0.000000,0.000000,0.000000,0.006555,0.000000,0.000000,0.000000,0.002055,0.004554,0.002078,0.002129,0.000000,0.000000,0.000000,0.001998,0.000000,0.000000,0.000000,0.009997,0.000000,0.000000,0.000000,0.000000,0.001443,0.010034,0.000000,0.000000,0.000000,0.003597,0.005128,0.006300,0.000000,0.000000,0.000000,0.000000,0.000000,0.012066,0.000000,0.000000,0.010057,0.004319,0.000000,0.000000,0.000000,0.000000,0.000000,0.007358,0.002989,0.000000,0.000000,0.002447,0.000000,0.000000,0.000000,0.008061,0.009502,0.000000,0.008010,0.000000,0.002455,0.000000,0.000000,0.000000,0.000000,0.000000,0.011052,0.000000,0.002745,0.000000,0.000000,0.000000,0.001639,0.001545,0.000000,0.000000,0.000000,0.000000,0.000000,0.007446,0.000000,0.008004,0.000000,0.001770,0.002924,0.000000,0.012754,0.000000,0.000000,0.009502,0.000000,0.009558
0.000000,0.000000,0.011574,0.000000,0.000000,0.000000,0.000997,0.000000,0.000000,0.005231,0.010008,0.000000,0.007016,0.000000,0.000000,0.000000,0.001993,0.002990,0.000000,0.000000,0.000000,0.000000,0.000000,0.000000,0.000000,0.000000,0.000000,0.009994,0.000000,0.010654,0.000000,0.010063,0.000000,0.000000,0.000000,0.001684,0.000000,0.010058,0.010884,0.010072,0.010062,0.010064,0.011077,0.000000,0.000000,0.000000,0.000000,0.010065,0.003796,0.000000,0.000000,0.000000,0.000000,0.000000,0.000000,0.002986,0.000000,0.000000,0.000000,0.000000,0.000000,0.000000,0.000000,0.000000,0.000000,0.000000,0.000000,0.000000,0.000000,0.000673,0.000000,0.010005,0.009996,0.000000,0.000000,0.010066,0.000000,0.000000,0.000000,0.000000,0.000000,0.009939,0.000000,0.000000,0.010640,0.000000,0.009995,0.000000,0.000698,0.009566,0.009994,0.000000,0.000000,0.000000,0.010915,0.000000,0.003007,0.007007,0.013321,0.011786
0.000000,0.000000,0.000000,0.000000,0.002013,0.000764,0.000000,0.004190,0.000000,0.000000,0.000000,0.000000,0.000000,0.000000,0.010052,0.000000,0.002992,0.001993,0.010064,0.000000,0.000000,0.000000,0.000000,0.000000,0.002988,0.000000,0.009991,0.000000,0.000000,0.002585,0.000000,0.000000,0.009067,0.000000,0.000000,0.000000,0.000000,0.000000,0.000000,0.000000,0.000000,0.000000,0.011916,0.000000,0.000000,0.010051,0.005193,0.000000,0.006918,0.000000,0.002968,0.000000,0.000000,0.001085,0.002990,0.001847,0.000000,0.000000,0.009994,0.000000,0.000000,0.009996,0.000000,0.000000,0.000000,0.000000,0.000000,0.000000,0.009996,0.000000,0.010060,0.000000,0.000000,0.000000,0.000000,0.002990,0.000000,0.000000,0.000000,0.000000,0.010064,0.000000,0.000000,0.000000,0.009999,0.000000,0.000000,0.010156,0.000000,0.000000,0.000000,0.001160,0.000000,0.002110,0.000000,0.000000,0.009566,0.000000,0.000000,0.010653
0.000000,0.010435,0.003496,0.000000,0.009562,0.007502,0.000995,0.002546,0.000000,0.000000,0.000000,0.000000,0.000000,0.007236,0.004033,0.003063,0.004864,0.003053,0.001011,0.000000,0.000000,0.000000,0.003036,0.000000,0.008007,0.011343,0.000000,0.000000,0.002388,0.000000,0.003018,0.002553,0.009433,0.000000,0.000000,0.012182,0.000000,0.000000,0.000000,0.000000,0.000000,0.009996,0.010067,0.000000,0.000000,0.000000,0.000000,0.000000,0.000000,0.000000,0.010738,0.000000,0.002770,0.000000,0.003048,0.000000,0.000000,0.000000,0.003250,0.000000,0.007507,0.000000,0.000000,0.000000,0.009997,0.008428,0.000000,0.000000,0.010469,0.000000,0.000658,0.000000,0.000000,0.000000,0.010300,0.000000,0.009991,0.000695,0.008007,0.000000,0.000000,0.010002,0.001476,0.000000,0.000000,0.011790,0.000000,0.010219,0.009569,0.010056,0.009560,0.000000,0.000000,0.010821,0.000000,0.000000,0.010234,0.010052,0.000000,0.000000
0.010072,0.000000,0.000000,0.000963,0.000000,0.000000,0.009564,0.007692,0.000000,0.000000,0.000000,0.000000,0.000000,0.006013,0.000000,0.000000,0.000805,0.000000,0.002976,0.002561,0.000000,0.000000,0.000000,0.000000,0.009562,0.000000,0.000000,0.009998,0.000000,0.010003,0.000000,0.000000,0.009997,0.000000,0.009569,0.000000,0.000000,0.000000,0.000000,0.000000,0.010053,0.010112,0.007226,0.000000,0.000000,0.000000,0.010064,0.000000,0.000000,0.000000,0.000000,0.010137,0.000000,0.000000,0.003019,0.000000,0.000000,0.000000,0.009997,0.000000,0.002966,0.000000,0.000000,0.000000,0.000000,0.000000,0.000000,0.000000,0.000707,0.000000,0.009572,0.010072,0.000000,0.000000,0.000000,0.000000,0.000000,0.000000,0.000000,0.000000,0.009564,0.000000,0.010004,0.000000,0.000000,0.010736,0.000000,0.000000,0.000000,0.009996,0.009997,0.000000,0.000000,0.000000,0.011981,0.009567,0.009985,0.009565,0.000000,0.000000
0.001191,0.000000,0.000000,0.000000,0.000000,0.000000,0.006132,0.000000,0.000000,0.006165,0.010103,0.000000,0.006640,0.005893,0.007311,0.002509,0.002969,0.002988,0.000000,0.000000,0.000000,0.000000,0.000000,0.000000,0.009976,0.000000,0.000000,0.010757,0.000000,0.010057,0.000000,0.000000,0.000000,0.000000,0.000000,0.000000,0.000000,0.000000,0.000000,0.000000,0.010064,0.000000,0.006204,0.000000,0.000000,0.000000,0.000000,0.010052,0.000000,0.000000,0.000000,0.000000,0.010057,0.000000,0.003111,0.000000,0.000000,0.010005,0.000000,0.000000,0.000000,0.000000,0.009997,0.000000,0.000000,0.000000,0.000000,0.000000,0.010002,0.000000,0.000000,0.011079,0.000000,0.009998,0.000000,0.009999,0.009977,0.000000,0.000000,0.009569,0.000000,0.000000,0.000000,0.009562,0.000000,0.000000,0.000000,0.000000,0.000000,0.000000,0.000000,0.009059,0.000000,0.000000,0.010616,0.009990,0.009985,0.009994,0.009999,0.009998
0.000000,0.011578,0.002811,0.000000,0.000686,0.002057,0.000000,0.004753,0.010260,0.000000,0.000000,0.011331,0.010764,0.000000,0.000000,0.002986,0.002988,0.001995,0.000000,0.000000,0.000000,0.000000,0.000000,0.000000,0.010787,0.000000,0.000000,0.010064,0.000000,0.000000,0.010058,0.000000,0.000000,0.000000,0.006937,0.005898,0.005933,0.007230,0.000000,0.000000,0.000000,0.000000,0.006491,0.000000,0.010055,0.000000,0.000000,0.000000,0.000000,0.000000,0.000000,0.006498,0.000000,0.000000,0.000000,0.010588,0.000000,0.000000,0.000000,0.000000,0.000000,0.000000,0.000000,0.000000,0.000000,0.010861,0.000000,0.009560,0.000000,0.010617,0.000000,0.000000,0.000000,0.000000,0.000000,0.000000,0.000000,0.000000,0.000000,0.009991,0.000000,0.000000,0.009997,0.000000,0.000000,0.000000,0.000000,0.000000,0.009661,0.000000,0.002196,0.009005,0.009994,0.000000,0.005504,0.000000,0.000000,0.000000,0.000000,0.009994
0.000000,0.000000,0.001078,0.000000,0.000000,0.010345,0.001061,0.000997,0.000000,0.000000,0.000000,0.000000,0.006858,0.000000,0.000000,0.010742,0.009565,0.003012,0.003042,0.000000,0.000000,0.000000,0.000000,0.000000,0.010061,0.000000,0.009565,0.000000,0.009996,0.000000,0.000000,0.000000,0.010691,0.006613,0.000635,0.010064,0.010067,0.010054,0.000000,0.000000,0.006072,0.000000,0.010070,0.000000,0.000000,0.010771,0.000000,0.010054,0.000000,0.000000,0.000000,0.000000,0.000000,0.002984,0.000000,0.000000,0.000000,0.000000,0.000000,0.000000,0.000000,0.000000,0.010066,0.000000,0.000000,0.010058,0.000000,0.009996,0.000000,0.000000,0.003067,0.000000,0.000000,0.000000,0.000000,0.009994,0.000000,0.000000,0.000679,0.000000,0.010003,0.000000,0.000000,0.009567,0.009566,0.009563,0.010063,0.000000,0.000000,0.000000,0.000000,0.000000,0.010064,0.010055,0.010169,0.009996,0.009998,0.000000,0.009572,0.009999
0.000000,0.000000,0.000949,0.007057,0.000000,0.000000,0.000000,0.010070,0.000000,0.000000,0.010054,0.000000,0.000000,0.000000,0.001662,0.003060,0.002988,0.000000,0.000000,0.000719,0.010067,0.000000,0.000000,0.000000,0.000000,0.000000,0.000000,0.000000,0.009994,0.000000,0.000000,0.000000,0.000000,0.009562,0.000000,0.000000,0.000000,0.000000,0.010839,0.000000,0.006330,0.000000,0.000000,0.005687,0.000000,0.006499,0.010758,0.000000,0.000000,0.000000,0.000000,0.000000,0.009568,0.000000,0.000000,0.000000,0.009563,0.000000,0.000000,0.000000,0.000000,0.000000,0.009562,0.000681,0.000000,0.009559,0.000000,0.000000,0.002995,0.000000,0.000000,0.000000,0.009997,0.000000,0.000000,0.000000,0.000000,0.000000,0.010001,0.000000,0.000000,0.000000,0.000000,0.000000,0.003934,0.000000,0.000000,0.009997,0.000000,0.000000,0.000724,0.010973,0.000000,0.000000,0.000000,0.009990,0.009971,0.000000,0.000000,0.010002
0.000000,0.009991,0.000000,0.000000,0.004329,0.000000,0.000000,0.000000,0.003920,0.015712,0.010059,0.000000,0.000000,0.000000,0.006709,0.008095,0.002106,0.001995,0.000000,0.000000,0.000000,0.000000,0.000000,0.000000,0.010007,0.000000,0.009998,0.000000,0.001225,0.000000,0.000000,0.000000,0.003947,0.000000,0.000000,0.000000,0.006207,0.006491,0.000000,0.000000,0.010743,0.006578,0.000000,0.009579,0.006478,0.000000,0.006508,0.010723,0.000000,0.000000,0.000000,0.010068,0.000000,0.000000,0.000000,0.000000,0.009981,0.009997,0.010013,0.010693,0.000000,0.000000,0.010006,0.000000,0.010006,0.002981,0.000000,0.009997,0.000000,0.000000,0.000000,0.000000,0.000000,0.010091,0.000000,0.000000,0.000000,0.009996,0.000000,0.000000,0.009998,0.010063,0.000000,0.000000,0.000000,0.000000,0.009994,0.000000,0.000000,0.003304,0.000000,0.000000,0.000000,0.000000,0.000000,0.000000,0.010052,0.000000,0.010895,0.000000
0.000000,0.000000,0.009573,0.000000,0.009590,0.001008,0.000000,0.000000,0.000000,0.000000,0.000000,0.000579,0.005527,0.000000,0.009564,0.003978,0.003059,0.000000,0.000000,0.002997,0.009564,0.009566,0.000000,0.000000,0.009998,0.000000,0.009996,0.000000,0.010198,0.000000,0.000000,0.000000,0.000000,0.000000,0.010033,0.010050,0.000000,0.000000,0.000000,0.000000,0.003397,0.004879,0.010053,0.000000,0.000000,0.005298,0.010080,0.000000,0.000000,0.000000,0.000000,0.004724,0.003049,0.000000,0.010066,0.000000,0.000000,0.000000,0.000000,0.010066,0.009560,0.000000,0.000000,0.010008,0.000000,0.000000,0.000000,0.000000,0.000000,0.000000,0.003057,0.008046,0.010151,0.000000,0.000000,0.011562,0.000000,0.011016,0.003352,0.003398,0.000000,0.000000,0.000000,0.000000,0.000000,0.000000,0.010061,0.000000,0.000000,0.002150,0.010000,0.000000,0.000000,0.000000,0.000000,0.010677,0.000000,0.009997,0.000000,0.010568
0.000000,0.001515,0.000000,0.000000,0.010568,0.001501,0.000000,0.001151,0.000000,0.007508,0.000000,0.000000,0.006439,0.002701,0.012362,0.003100,0.003063,0.000000,0.008614,0.011479,0.000000,0.000000,0.000000,0.000000,0.011090,0.000000,0.009005,0.000000,0.002297,0.000000,0.000000,0.000000,0.000000,0.000000,0.003784,0.000470,0.007852,0.000000,0.000000,0.010056,0.002989,0.000000,0.010034,0.000000,0.003505,0.000000,0.000000,0.002631,0.000000,0.000000,0.000000,0.006024,0.003001,0.000000,0.000000,0.000000,0.000000,0.000000,0.000000,0.000000,0.000000,0.000000,0.000000,0.000000,0.000000,0.002099,0.000000,0.000000,0.000000,0.000000,0.000000,0.011455,0.000000,0.010059,0.000000,0.013021,0.000000,0.000000,0.000802,0.000000,0.000000,0.000000,0.000000,0.000000,0.000000,0.000000,0.000000,0.000000,0.000113,0.009506,0.000000,0.000000,0.008007,0.007068,0.001963,0.000000,0.000000,0.009983,0.009996,0.000000
0.000000,0.000000,0.010008,0.000000,0.010058,0.008964,0.012881,0.000000,0.000000,0.000000,0.000000,0.009561,0.000000,0.000000,0.000000,0.002983,0.002998,0.010061,0.010001,0.009999,0.009994,0.000000,0.000000,0.000000,0.009990,0.000000,0.009996,0.000000,0.000000,0.000000,0.010058,0.000000,0.000204,0.006348,0.006340,0.006435,0.000000,0.000000,0.010052,0.000000,0.000000,0.010749,0.000000,0.010061,0.000000,0.000000,0.000000,0.005842,0.000000,0.000000,0.000000,0.003047,0.000000,0.010011,0.009997,0.000000,0.000000,0.000000,0.009996,0.000000,0.009977,0.000000,0.010057,0.000000,0.000000,0.000000,0.000000,0.000000,0.000000,0.009565,0.009990,0.000000,0.000000,0.000000,0.000000,0.000000,0.001212,0.000000,0.000000,0.000000,0.009994,0.000000,0.000000,0.000000,0.000000,0.000000,0.000000,0.000000,0.000000,0.000000,0.006786,0.010061,0.010878,0.000000,0.010060,0.000000,0.009969,0.010015,0.000000,0.000000
0.000784,0.000000,0.000000,0.004560,0.000000,0.006902,0.000000,0.000000,0.000000,0.000000,0.000000,0.006962,0.000000,0.000000,0.009569,0.003929,0.002996,0.000000,0.000000,0.000000,0.000000,0.006856,0.000000,0.000000,0.000000,0.010058,0.000000,0.000000,0.000000,0.010001,0.011051,0.006424,0.006069,0.000000,0.000000,0.006162,0.006099,0.000000,0.000000,0.000000,0.000000,0.010804,0.005500,0.010749,0.000000,0.000000,0.000000,0.000000,0.002849,0.007247,0.005360,0.001994,0.000000,0.000000,0.000000,0.000000,0.000000,0.010006,0.000000,0.000000,0.000000,0.000000,0.000000,0.000000,0.009994,0.000000,0.000000,0.000000,0.000000,0.010002,0.010055,0.000000,0.010259,0.000000,0.010060,0.009988,0.000000,0.000000,0.000000,0.000000,0.000000,0.010661,0.000000,0.000000,0.000000,0.010795,0.000000,0.000000,0.000000,0.000000,0.009995,0.014751,0.010005,0.000000,0.000000,0.000000,0.000000,0.006795,0.000000,0.010005
0.000000,0.000000,0.000000,0.000000,0.000000,0.000000,0.004448,0.009569,0.000000,0.006233,0.000000,0.010262,0.000000,0.000000,0.002974,0.003013,0.009567,0.000000,0.000000,0.000000,0.009992,0.010298,0.000000,0.000000,0.004672,0.000000,0.010013,0.010003,0.000000,0.010010,0.000000,0.005889,0.005962,0.006606,0.005670,0.000000,0.000000,0.010054,0.000000,0.007000,0.000000,0.000000,0.000000,0.006418,0.000000,0.000000,0.006533,0.005347,0.000000,0.000718,0.010388,0.009561,0.010000,0.009560,0.010006,0.000000,0.000000,0.000000,0.000000,0.000000,0.010732,0.000000,0.000000,0.000000,0.000000,0.000000,0.010702,0.010000,0.000000,0.000000,0.002987,0.000000,0.000000,0.010005,0.000000,0.000000,0.000000,0.000000,0.000000,0.000000,0.009994,0.000000,0.000000,0.009569,0.000000,0.010774,0.010064,0.000000,0.000000,0.000000,0.009569,0.000000,0.009988,0.010001,0.000000,0.000000,0.000000,0.000000,0.000000,0.010004
0.000000,0.000000,0.002039,0.000000,0.000000,0.000000,0.000000,0.005272,0.000677,0.010724,0.000000,0.000000,0.000000,0.000000,0.000791,0.002987,0.002986,0.000000,0.000000,0.000000,0.010062,0.000000,0.000000,0.001999,0.000000,0.008769,0.000000,0.000000,0.000000,0.010015,0.010055,0.000000,0.010063,0.000000,0.000000,0.006582,0.000000,0.010068,0.000000,0.000000,0.011350,0.000000,0.010074,0.000000,0.006107,0.010788,0.009612,0.000000,0.000000,0.006148,0.002984,0.010065,0.010000,0.000000,0.009559,0.009563,0.010069,0.000000,0.009574,0.000000,0.009997,0.000000,0.000000,0.000000,0.000000,0.000000,0.000000,0.000000,0.000000,0.000000,0.002503,0.000000,0.000000,0.010733,0.000000,0.000000,0.000000,0.000000,0.010355,0.000000,0.000000,0.010063,0.000000,0.000000,0.010830,0.009992,0.000000,0.000000,0.009998,0.009995,0.000000,0.010738,0.000000,0.010281,0.010010,0.010751,0.010000,0.009725,0.009991,0.000000
0.000000,0.000000,0.003266,0.000000,0.010061,0.000000,0.000666,0.000000,0.000000,0.000000,0.010807,0.000000,0.002988,0.002991,0.000000,0.000000,0.010675,0.010062,0.000000,0.010704,0.000000,0.000000,0.002994,0.010055,0.000000,0.009571,0.000000,0.000000,0.000000,0.000000,0.000000,0.000000,0.000000,0.000000,0.000000,0.010053,0.000000,0.000000,0.000000,0.000699,0.000000,0.010060,0.000000,0.000000,0.000000,0.006919,0.000000,0.010054,0.000000,0.000000,0.002995,0.009999,0.009995,0.009998,0.009559,0.009562,0.000000,0.009997,0.000000,0.010058,0.000000,0.000000,0.000000,0.010706,0.010481,0.009566,0.000000,0.000000,0.000000,0.003054,0.000000,0.010066,0.010062,0.000000,0.000000,0.009990,0.009565,0.010050,0.000000,0.000000,0.010783,0.000000,0.009574,0.009988,0.010863,0.009584,0.000000,0.009995,0.010427,0.000000,0.001240,0.009993,0.009978,0.000000,0.000000,0.000000,0.000000,0.000000,0.009932,0.000000
0.009993,0.000000,0.012565,0.000000,0.005132,0.000000,0.000768,0.000000,0.000000,0.000000,0.006951,0.000000,0.000000,0.000000,0.002996,0.003301,0.000000,0.001991,0.002990,0.000698,0.000000,0.000000,0.009564,0.000000,0.000000,0.000000,0.010000,0.010009,0.000000,0.000000,0.000000,0.000000,0.000000,0.000000,0.010067,0.000000,0.006047,0.000000,0.010065,0.006186,0.000000,0.000000,0.000000,0.006307,0.000000,0.000000,0.000000,0.000000,0.006144,0.006940,0.002019,0.010001,0.009993,0.000000,0.000000,0.000000,0.009990,0.000000,0.010596,0.000000,0.000000,0.000000,0.000000,0.000000,0.000000,0.000000,0.009990,0.002977,0.010001,0.000000,0.000000,0.000000,0.000000,0.009993,0.010732,0.001494,0.000000,0.000000,0.010689,0.000000,0.000000,0.010001,0.000000,0.000000,0.009999,0.009999,0.009571,0.000000,0.010936,0.000000,0.000000,0.000000,0.009568,0.010006,0.014261,0.000000,0.011071,0.000000,0.009996,0.010271
0.000000,0.000000,0.000000,0.000000,0.000000,0.006461,0.000000,0.000000,0.004103,0.000000,0.010059,0.000000,0.000000,0.000000,0.001984,0.003004,0.000000,0.000000,0.000000,0.000000,0.000000,0.010003,0.000000,0.010009,0.000000,0.000000,0.009994,0.010005,0.009997,0.009994,0.009564,0.010059,0.010048,0.000000,0.006398,0.000000,0.010761,0.000000,0.000000,0.009564,0.000000,0.006360,0.010784,0.000000,0.000000,0.000000,0.005753,0.000000,0.000000,0.000000,0.000000,0.009997,0.000000,0.000000,0.000000,0.010067,0.000000,0.000000,0.010065,0.000000,0.000000,0.000000,0.000000,0.001000,0.000000,0.000000,0.009994,0.000000,0.000000,0.009560,0.000000,0.002990,0.000000,0.000000,0.000000,0.009985,0.000000,0.000000,0.000867,0.000000,0.000000,0.009995,0.010062,0.009995,0.009999,0.010230,0.000000,0.010066,0.009568,0.000000,0.000000,0.000000,0.000000,0.009997,0.009579,0.000000,0.009994,0.000000,0.010003,0.000000
0.010055,0.000000,0.011290,0.000000,0.004397,0.000000,0.002191,0.004851,0.000000,0.000000,0.000000,0.000000,0.000302,0.000000,0.000000,0.002990,0.003846,0.000000,0.002503,0.009008,0.000000,0.007502,0.000000,0.009508,0.000000,0.000697,0.011393,0.000000,0.000000,0.000000,0.000000,0.005708,0.006610,0.000499,0.010057,0.007414,0.000000,0.005640,0.010782,0.000000,0.010047,0.000000,0.006306,0.000000,0.010738,0.010832,0.000000,0.000557,0.000000,0.000000,0.000000,0.000000,0.010064,0.000000,0.000000,0.000000,0.009994,0.000000,0.000000,0.000000,0.000000,0.010000,0.009995,0.010066,0.000000,0.000000,0.009996,0.010002,0.000000,0.000000,0.000000,0.000000,0.000000,0.003486,0.000000,0.000000,0.000000,0.009988,0.000000,0.000000,0.005984,0.010695,0.000000,0.010002,0.010000,0.009993,0.000000,0.000000,0.010868,0.009956,0.010784,0.009559,0.013454,0.000000,0.010004,0.010069,0.000000,0.010066,0.009999,0.000000
0.000000,0.000000,0.000000,0.010060,0.000000,0.000000,0.000000,0.000000,0.010061,0.000000,0.000000,0.000153,0.006374,0.006623,0.008611,0.002974,0.002985,0.000000,0.000000,0.009992,0.000000,0.000000,0.000000,0.000000,0.002928,0.009567,0.010005,0.000000,0.000000,0.000000,0.000000,0.006509,0.000000,0.000000,0.010814,0.010015,0.000000,0.000000,0.010066,0.009986,0.000863,0.010060,0.000000,0.000000,0.000000,0.000000,0.000000,0.000000,0.001994,0.000000,0.000000,0.000000,0.009567,0.000000,0.000000,0.000000,0.000000,0.010061,0.010064,0.002991,0.009992,0.010738,0.010060,0.000000,0.009997,0.000000,0.000000,0.004591,0.010688,0.000000,0.008076,0.010003,0.000000,0.009996,0.000000,0.000000,0.000000,0.000000,0.000000,0.000000,0.000000,0.009990,0.000000,0.009570,0.009993,0.010779,0.000000,0.000000,0.009994,0.000000,0.000000,0.000000,0.009986,0.010057,0.010002,0.000000,0.000000,0.009997,0.000000,0.000000
0.009565,0.000000,0.001174,0.000000,0.000000,0.005126,0.009568,0.000000,0.006924,0.000000,0.010055,0.000000,0.000000,0.000000,0.001996,0.002988,0.010060,0.010787,0.010057,0.000000,0.000000,0.009997,0.000000,0.009994,0.000000,0.000000,0.000000,0.000000,0.005244,0.005078,0.006763,0.005328,0.000000,0.010055,0.000000,0.000000,0.000000,0.000000,0.010060,0.000000,0.000000,0.000000,0.010046,0.000000,0.000000,0.000000,0.010764,0.010264,0.003975,0.000000,0.010000,0.000000,0.000000,0.000000,0.000000,0.010008,0.000000,0.000000,0.000000,0.000000,0.000000,0.010054,0.000000,0.000000,0.000000,0.000000,0.000000,0.000000,0.000000,0.002581,0.000000,0.000000,0.010838,0.010001,0.000000,0.000000,0.002981,0.000000,0.010064,0.010750,0.009995,0.010754,0.000000,0.010054,0.000000,0.007504,0.000000,0.001997,0.009989,0.000000,0.000000,0.000000,0.000000,0.009064,0.011008,0.000000,0.012270,0.000000,0.002302,0.010505
0.000000,0.008506,0.000000,0.001325,0.010322,0.000000,0.000000,0.000000,0.000000,0.000000,0.000000,0.000000,0.004669,0.003656,0.003053,0.000000,0.000000,0.000000,0.000000,0.000000,0.000000,0.000000,0.000000,0.000000,0.000000,0.000000,0.000000,0.000000,0.000000,0.000000,0.000000,0.000000,0.010000,0.000721,0.007151,0.000000,0.000000,0.005875,0.010054,0.000131,0.010017,0.000000,0.005409,0.000000,0.006740,0.005124,0.000000,0.000000,0.004878,0.000000,0.000000,0.009996,0.000000,0.009995,0.003053,0.000000,0.009996,0.000000,0.000000,0.000000,0.000000,0.009990,0.009995,0.002982,0.000000,0.000000,0.000000,0.000000,0.000000,0.000000,0.000000,0.009568,0.000000,0.000000,0.000000,0.009984,0.000000,0.000000,0.000000,0.000000,0.000000,0.009566,0.009985,0.000000,0.013454,0.000000,0.009989,0.009998,0.009944,0.009991,0.012298,0.000000,0.009998,0.010022,0.007002,0.000000,0.000000,0.009970,0.009988,0.009997
0.000000,0.000632,0.000000,0.000000,0.000000,0.004282,0.009567,0.000000,0.000000,0.006241,0.006875,0.000000,0.005918,0.006202,0.002190,0.002986,0.002991,0.000000,0.000000,0.000000,0.000000,0.000000,0.000000,0.009998,0.000000,0.000000,0.000000,0.000000,0.010002,0.000000,0.006686,0.000000,0.010051,0.005811,0.000000,0.000000,0.000000,0.000000,0.000000,0.000000,0.006661,0.010821,0.000000,0.000000,0.000000,0.000000,0.000000,0.010431,0.000000,0.000000,0.000000,0.000000,0.010060,0.000000,0.000108,0.010680,0.010058,0.010003,0.009999,0.009998,0.000000,0.000000,0.000000,0.012326,0.009988,0.000000,0.000000,0.000000,0.000000,0.000000,0.000000,0.010057,0.000000,0.000000,0.009975,0.000000,0.000000,0.011190,0.010773,0.000000,0.010066,0.000000,0.009569,0.000000,0.000000,0.000000,0.000000,0.000000,0.010071,0.009997,0.000000,0.000000,0.010003,0.009561,0.000000,0.010067,0.009998,0.010718,0.010719,0.009982
0.000000,0.000000,0.000342,0.009566,0.007557,0.002948,0.000000,0.004102,0.000000,0.000671,0.010061,0.010742,0.000000,0.010067,0.009573,0.005977,0.000000,0.000000,0.010059,0.000000,0.000000,0.010068,0.000000,0.000000,0.000000,0.000000,0.000000,0.000000,0.000000,0.009943,0.006347,0.006570,0.000000,0.006590,0.000000,0.006127,0.000000,0.005536,0.010058,0.000000,0.000000,0.000000,0.000000,0.000000,0.000000,0.000000,0.000000,0.002987,0.000000,0.000000,0.010284,0.000000,0.009560,0.000000,0.000000,0.010708,0.010058,0.009970,0.009999,0.010058,0.000000,0.001986,0.000000,0.000000,0.000000,0.000000,0.010005,0.000000,0.000000,0.001652,0.000000,0.000000,0.000000,0.000000,0.000000,0.009989,0.000814,0.000000,0.009560,0.010071,0.000000,0.009557,0.000000,0.000000,0.000000,0.000000,0.009986,0.000000,0.000000,0.000000,0.000000,0.010795,0.009559,0.009987,0.010738,0.010676,0.010739,0.010061,0.000000,0.000000
0.010639,0.000000,0.011643,0.000000,0.002988,0.000000,0.000000,0.000000,0.000000,0.006499,0.000000,0.000000,0.000000,0.007349,0.002004,0.000000,0.000000,0.009983,0.010349,0.000000,0.000000,0.000000,0.000000,0.000000,0.000000,0.011792,0.001676,0.000000,0.000000,0.000000,0.006682,0.000000,0.000000,0.000000,0.000000,0.010791,0.000000,0.010054,0.000000,0.006180,0.000000,0.009563,0.010062,0.000000,0.010056,0.010761,0.000000,0.002479,0.000000,0.000000,0.002996,0.000000,0.000000,0.000000,0.000000,0.000000,0.000000,0.000000,0.000000,0.000000,0.000000,0.000000,0.010362,0.009995,0.000000,0.000000,0.000000,0.009999,0.009992,0.000000,0.009996,0.000000,0.000000,0.000000,0.002690,0.000000,0.010000,0.009502,0.000000,0.010067,0.000000,0.010044,0.009941,0.010641,0.010057,0.010005,0.000000,0.010000,0.010059,0.000000,0.000000,0.009927,0.010003,0.010068,0.009895,0.010595,0.009984,0.000000,0.009503,0.000000
0.000000,0.000000,0.004112,0.000000,0.007300,0.000000,0.000000,0.005787,0.009565,0.009998,0.000000,0.000000,0.009801,0.002931,0.003201,0.009502,0.010056,0.000000,0.003001,0.000000,0.000000,0.000000,0.000000,0.010724,0.010033,0.000000,0.000000,0.009988,0.007591,0.000000,0.000000,0.000000,0.010024,0.000000,0.010070,0.000000,0.000000,0.000000,0.000000,0.006073,0.006611,0.003295,0.000000,0.000000,0.000000,0.006800,0.002990,0.009570,0.000000,0.000000,0.010057,0.000000,0.000000,0.000000,0.010004,0.002990,0.000000,0.009934,0.010074,0.000000,0.009988,0.000000,0.010052,0.000000,0.000000,0.000000,0.000000,0.000000,0.000000,0.000000,0.000000,0.000000,0.000000,0.007564,0.010050,0.008005,0.012282,0.009002,0.000000,0.012528,0.000000,0.008876,0.010000,0.009501,0.000000,0.007066,0.007507,0.000000,0.010062,0.005886,0.000000,0.009504,0.012343,0.008006,0.007006,0.008407,0.000000,0.000000,0.010737,0.000000
0.002417,0.001991,0.001994,0.000000,0.010400,0.001106,0.003841,0.010258,0.000000,0.000000,0.000000,0.000325,0.000818,0.001993,0.002990,0.009503,0.011979,0.000000,0.000000,0.007505,0.000000,0.000000,0.000000,0.009641,0.000000,0.000000,0.000000,0.007007,0.012540,0.000000,0.002538,0.006849,0.010064,0.000000,0.000000,0.000000,0.004654,0.004839,0.012623,0.000000,0.012484,0.010001,0.003311,0.003890,0.000000,0.011538,0.000000,0.000000,0.000000,0.009065,0.000000,0.002189,0.007561,0.000000,0.000000,0.000000,0.002949,0.000000,0.010053,0.003545,0.000000,0.000970,0.000000,0.007566,0.000000,0.000000,0.000000,0.000000,0.010683,0.000000,0.000000,0.000000,0.010895,0.007505,0.008571,0.009001,0.013033,0.010063,0.002135,0.008005,0.000000,0.009501,0.008489,0.008558,0.000000,0.000000,0.000000,0.000000,0.008502,0.009990,0.000000,0.000000,0.001659,0.000000,0.010065,0.010000,0.005049,0.008061,0.008061,0.002035
0.008774,0.000000,0.001647,0.000612,0.012386,0.000000,0.000887,0.000000,0.000000,0.000000,0.000000,0.000428,0.006479,0.002993,0.002990,0.002981,0.000000,0.000000,0.000000,0.012143,0.000000,0.009998,0.000000,0.000000,0.000000,0.010482,0.008008,0.002279,0.000000,0.000000,0.000000,0.011771,0.006297,0.000000,0.010044,0.000000,0.009501,0.000000,0.005631,0.006563,0.000000,0.010793,0.009565,0.009997,0.000000,0.000000,0.000000,0.002990,0.010710,0.000000,0.000000,0.000000,0.009996,0.006058,0.000000,0.007063,0.009560,0.000000,0.000000,0.000000,0.009997,0.000000,0.000000,0.000000,0.000000,0.000000,0.000000,0.000000,0.000000,0.010800,0.003032,0.009054,0.010627,0.010762,0.010048,0.000000,0.005219,0.000000,0.009997,0.000000,0.000000,0.000000,0.007523,0.000000,0.000000,0.009996,0.000000,0.010074,0.010052,0.010052,0.000000,0.000000,0.000000,0.005981,0.000000,0.000000,0.009997,0.000000,0.011079,0.000000
0.010059,0.000000,0.001309,0.000000,0.001461,0.009509,0.000000,0.000000,0.005377,0.000000,0.009568,0.010591,0.000000,0.003007,0.003924,0.000000,0.000000,0.000000,0.000000,0.000000,0.000000,0.000000,0.000000,0.000000,0.000000,0.000000,0.000000,0.009996,0.009567,0.000000,0.000000,0.000000,0.000000,0.000000,0.006234,0.000000,0.000000,0.000000,0.000000,0.000000,0.010346,0.009936,0.010068,0.000000,0.009995,0.000000,0.002990,0.000000,0.009502,0.009502,0.000000,0.000000,0.009998,0.000000,0.009996,0.009998,0.009993,0.000000,0.009503,0.000000,0.000000,0.009996,0.009997,0.000000,0.000000,0.000000,0.000000,0.000000,0.009999,0.000000,0.000000,0.010595,0.010053,0.009982,0.010059,0.000000,0.009939,0.000000,0.000000,0.009568,0.009997,0.009503,0.009997,0.010682,0.000000,0.009999,0.000000,0.000000,0.000000,0.009993,0.009998,0.009996,0.010005,0.009939,0.000000,0.006046,0.010056,0.000000,0.000000,0.009999
0.000000,0.002261,0.000000,0.009011,0.007521,0.000000,0.000000,0.005091,0.010054,0.000000,0.000000,0.000000,0.000000,0.001994,0.002987,0.000000,0.000000,0.000000,0.000000,0.010054,0.000000,0.010558,0.000000,0.000000,0.000000,0.000000,0.000000,0.000000,0.000000,0.000000,0.006100,0.000000,0.000000,0.000000,0.000000,0.006551,0.010004,0.000000,0.000000,0.000000,0.000000,0.000000,0.000000,0.000000,0.010004,0.000000,0.006390,0.010050,0.000000,0.000000,0.009995,0.000000,0.002991,0.000000,0.000000,0.000000,0.010054,0.000000,0.000000,0.000000,0.010017,0.000000,0.000000,0.010057,0.010677,0.000000,0.000000,0.009997,0.002990,0.000000,0.000000,0.000000,0.009997,0.011184,0.000000,0.000000,0.009501,0.010005,0.000000,0.000000,0.000000,0.009502,0.009994,0.000000,0.010055,0.000000,0.005984,0.009996,0.009944,0.010597,0.009999,0.010059,0.009939,0.010002,0.000000,0.009555,0.000858,0.000000,0.001503,0.012402
0.000000,0.003140,0.000000,0.001074,0.002989,0.000000,0.000000,0.000000,0.004579,0.000000,0.000000,0.001656,0.010507,0.003059,0.002550,0.007501,0.002990,0.000000,0.000000,0.009560,0.000000,0.001013,0.010062,0.009998,0.000000,0.000000,0.000000,0.008501,0.010057,0.001493,0.000000,0.000000,0.011913,0.002044,0.010088,0.000000,0.000000,0.000000,0.000000,0.006680,0.002526,0.001937,0.000000,0.001491,0.003741,0.000000,0.002991,0.000000,0.009983,0.000000,0.002881,0.010050,0.000000,0.000000,0.001992,0.000000,0.000000,0.001691,0.000000,0.001366,0.000000,0.000000,0.001524,0.000000,0.000000,0.010055,0.000000,0.009996,0.000000,0.000000,0.000000,0.000000,0.013220,0.001925,0.009646,0.000814,0.000000,0.010733,0.000000,0.000000,0.000000,0.000000,0.008684,0.000000,0.000000,0.000000,0.009002,0.000000,0.000000,0.000000,0.009567,0.011696,0.002633,0.000000,0.009272,0.000000,0.010003,0.007505,0.000000,0.000000
0.010249,0.000000,0.011724,0.000000,0.000000,0.000000,0.000000,0.000000,0.000000,0.005912,0.002863,0.000000,0.004358,0.004954,0.003041,0.000000,0.000000,0.000000,0.000000,0.000373,0.000000,0.000000,0.009137,0.009004,0.010543,0.008507,0.008560,0.000000,0.000000,0.000000,0.001875,0.000000,0.000000,0.005493,0.011396,0.000000,0.000000,0.010053,0.000000,0.000000,0.000000,0.003672,0.005475,0.000000,0.000000,0.000000,0.003094,0.000000,0.000000,0.000000,0.000000,0.007507,0.008057,0.009567,0.001850,0.001353,0.000000,0.000000,0.000000,0.000000,0.000000,0.000000,0.001620,0.000000,0.000000,0.000000,0.009989,0.000000,0.008006,0.012182,0.000000,0.000000,0.010065,0.000000,0.008505,0.000000,0.000000,0.009998,0.011997,0.009948,0.010004,0.007505,0.000000,0.010001,0.008668,0.011185,0.010062,0.009700,0.009999,0.009001,0.010066,0.000000,0.003979,0.012558,0.000000,0.000000,0.011972,0.001232,0.000000,0.000000
0.000681,0.000000,0.000000,0.000000,0.009570,0.000721,0.004087,0.009589,0.000000,0.000000,0.000000,0.000000,0.000000,0.000000,0.002981,0.002965,0.000000,0.010064,0.000000,0.002995,0.000000,0.009562,0.000000,0.000000,0.000000,0.000000,0.009573,0.000000,0.009565,0.010062,0.000000,0.000000,0.009565,0.006711,0.000000,0.005088,0.010059,0.000000,0.000000,0.000000,0.000742,0.000000,0.005897,0.006644,0.000000,0.000000,0.002959,0.000000,0.000000,0.000000,0.000000,0.000000,0.000000,0.000000,0.000000,0.009967,0.000000,0.000000,0.010001,0.000000,0.000000,0.010003,0.009559,0.000000,0.000000,0.009997,0.009997,0.009997,0.000000,0.010697,0.010004,0.000000,0.009065,0.000000,0.010281,0.000000,0.000000,0.000000,0.000000,0.000000,0.007573,0.013371,0.000000,0.010004,0.000000,0.000000,0.009559,0.010004,0.009992,0.000000,0.010057,0.002019,0.002689,0.010065,0.000000,0.000000,0.000000,0.000000,0.000000,0.000000
0.000000,0.000000,0.003972,0.000000,0.005337,0.000000,0.000000,0.005961,0.000000,0.010063,0.009506,0.000000,0.000000,0.003479,0.003022,0.000000,0.000000,0.002989,0.007564,0.000000,0.010001,0.000000,0.000000,0.001591,0.001703,0.000000,0.000000,0.010813,0.002892,0.000000,0.009564,0.000000,0.000000,0.002029,0.000000,0.000000,0.010066,0.000000,0.000000,0.005757,0.000000,0.000249,0.000000,0.000000,0.010058,0.004539,0.000000,0.009571,0.009986,0.000000,0.000000,0.000000,0.000000,0.009564,0.000000,0.000000,0.000000,0.010002,0.000000,0.000000,0.000000,0.000000,0.000000,0.000000,0.000000,0.010058,0.010848,0.009565,0.000000,0.010062,0.009717,0.009562,0.000000,0.010708,0.000000,0.000000,0.000000,0.002121,0.000000,0.009502,0.002686,0.011202,0.000000,0.012562,0.007137,0.010067,0.000000,0.010502,0.014131,0.008003,0.013649,0.000000,0.000000,0.011193,0.008563,0.007438,0.011755,0.005959,0.005773,0.006671
0.000000,0.009998,0.003901,0.000000,0.004914,0.008501,0.000000,0.000000,0.006569,0.006827,0.006315,0.007698,0.002990,0.002990,0.003157,0.002993,0.002035,0.003493,0.002838,0.009786,0.000000,0.001167,0.003045,0.012254,0.002233,0.000000,0.000000,0.009997,0.000000,0.009507,0.004735,0.000000,0.012480,0.000000,0.000000,0.010062,0.000000,0.000000,0.004201,0.006710,0.006134,0.000000,0.000000,0.009578,0.003986,0.002990,0.002990,0.000000,0.000000,0.000000,0.002242,0.001616,0.000000,0.000000,0.003027,0.000000,0.000000,0.002673,0.010619,0.002990,0.003592,0.002224,0.002990,0.000000,0.012954,0.005404,0.010054,0.011849,0.011705,0.000000,0.007564,0.000000,0.009665,0.008566,0.010001,0.010064,0.009506,0.007505,0.000000,0.000000,0.012330,0.006789,0.000000,0.005597,0.010001,0.005005,0.004983,0.006768,0.008889,0.010354,0.004992,0.003437,0.004925,0.006927,0.010664,0.010589,0.010002,0.000000,0.005980,0.009947
0.009997,0.000000,0.011457,0.000000,0.000000,0.000000,0.004496,0.000000,0.010048,0.000000,0.000000,0.000000,0.000000,0.003983,0.002988,0.000000,0.003051,0.000000,0.010067,0.000000,0.010744,0.009564,0.000000,0.002994,0.000000,0.009507,0.000000,0.000000,0.000000,0.006724,0.000000,0.009507,0.000000,0.009507,0.000000,0.006318,0.009997,0.000000,0.000000,0.003226,0.000000,0.000000,0.000000,0.000000,0.000590,0.006164,0.000000,0.006901,0.000000,0.000623,0.000000,0.009565,0.000000,0.000997,0.003459,0.002319,0.000870,0.000000,0.002990,0.000000,0.004246,0.002990,0.010066,0.010027,0.009996,0.007970,0.005251,0.005977,0.010046,0.010061,0.009937,0.000000,0.000000,0.014180,0.010044,0.010055,0.009997,0.013173,0.000000,0.009671,0.002064,0.000000,0.007507,0.016063,0.006019,0.005940,0.007346,0.000000,0.015257,0.005861,0.010006,0.000000,0.009960,0.000545,0.010859,0.000000,0.009568,0.005435,0.005934,0.001555
